,score,a,a,a,a,k,k,k,k,b,b,u,u,u,u,n
,0,0,1,2,3,0,1,2,3,0,1,0,1,2,3,0
,,,,,,,,,,,,,,,,
0,153.748418715,1.42443263927,0.146134208353,1.24359309154,0.176070906517,0.845071933347,1.02644062228,1.32832387455,0.166771735643,0.0970019518064,0.07094190196,0.0880045375034,0.0880045375034,0.0880045375034,0.0880045375034,0.990546039813
1,153.748418715,1.42443263927,0.146134208353,1.24359309154,0.176070906517,0.845071933347,1.02644062228,1.32832387455,0.166771735643,0.0970019518064,0.07094190196,0.0880045375034,0.0880045375034,0.0880045375034,0.0880045375034,0.990546039813
2,47.2968780588,0.19166214804,1.12288640152,0.795526701367,1.17331391475,0.52600733388,1.0152124646,1.02794454372,1.46714851279,0.111901028935,0.0856506284171,0.0581001759508,0.0581001759508,0.0581001759508,0.0581001759508,0.972041330447
3,47.2968780588,0.19166214804,1.12288640152,0.795526701367,1.17331391475,0.52600733388,1.0152124646,1.02794454372,1.46714851279,0.111901028935,0.0856506284171,0.0581001759508,0.0581001759508,0.0581001759508,0.0581001759508,0.972041330447
4,31.1210700521,0.206821466604,1.0095865555,0.390778807433,0.170072569232,1.22639194081,1.28554084677,1.40898560854,1.14499031176,0.0408292725081,0.0412851895654,0.096708837361,0.096708837361,0.096708837361,0.096708837361,1.41622742447
5,31.1210700521,0.206821466604,1.0095865555,0.390778807433,0.170072569232,1.22639194081,1.28554084677,1.40898560854,1.14499031176,0.0408292725081,0.0412851895654,0.096708837361,0.096708837361,0.096708837361,0.096708837361,1.41622742447
6,15.2469224242,1.24985897696,0.796478313083,0.681118430187,1.34314548089,1.03113316574,0.621878212278,1.18372472843,0.150588206749,0.0968250353572,0.120214497957,0.172193110435,0.172193110435,0.172193110435,0.172193110435,1.40403124089
7,15.2469224242,1.24985897696,0.796478313083,0.681118430187,1.34314548089,1.03113316574,0.621878212278,1.18372472843,0.150588206749,0.0968250353572,0.120214497957,0.172193110435,0.172193110435,0.172193110435,0.172193110435,1.40403124089
8,13.8384069325,0.448211257163,0.72819220803,0.495941594921,1.00831234696,1.04082093271,1.25314488576,1.09083230591,0.896314256385,0.0520985520576,0.114513174322,0.645906732943,0.645906732943,0.645906732943,0.645906732943,1.19543569201
9,13.8384069325,0.448211257163,0.72819220803,0.495941594921,1.00831234696,1.04082093271,1.25314488576,1.09083230591,0.896314256385,0.0520985520576,0.114513174322,0.645906732943,0.645906732943,0.645906732943,0.645906732943,1.19543569201
10,11.3037530184,0.23120088637,0.234342236597,0.699523778604,1.48524320144,0.625538710301,0.81092275581,1.18021122547,1.31007299889,0.0370182974927,0.0327096457639,0.976382925522,0.976382925522,0.976382925522,0.976382925522,1.35797890783
11,11.3037530184,0.23120088637,0.234342236597,0.699523778604,1.48524320144,0.625538710301,0.81092275581,1.18021122547,1.31007299889,0.0370182974927,0.0327096457639,0.976382925522,0.976382925522,0.976382925522,0.976382925522,1.35797890783
12,10.3815510662,0.71220928582,0.79311385616,1.43788743156,1.18957723226,0.731284470814,1.39322814251,0.162942654768,0.348952314541,0.104935259753,0.109932556904,0.997938476063,0.997938476063,0.997938476063,0.997938476063,0.953176498736
13,10.3815510662,0.71220928582,0.79311385616,1.43788743156,1.18957723226,0.731284470814,1.39322814251,0.162942654768,0.348952314541,0.104935259753,0.109932556904,0.997938476063,0.997938476063,0.997938476063,0.997938476063,0.953176498736
14,4.50683115312,0.828430779429,0.424681194745,1.42726787216,0.894582102691,0.621482266769,0.78489443708,1.16057835472,0.994416852022,0.100656484305,0.0404538227996,0.735477505171,0.735477505171,0.735477505171,0.735477505171,1.35952956613
15,4.50683115312,0.828430779429,0.424681194745,1.42726787216,0.894582102691,0.621482266769,0.78489443708,1.16057835472,0.994416852022,0.100656484305,0.0404538227996,0.735477505171,0.735477505171,0.735477505171,0.735477505171,1.35952956613
16,4.11670845924,0.648969819707,0.63016722618,1.49237967421,0.445557933267,0.795737700855,1.17585912593,1.32166288861,0.250754455894,0.0861694892595,0.0913040587754,0.348047440565,0.348047440565,0.348047440565,0.348047440565,1.21436236632
17,4.11670845924,0.648969819707,0.63016722618,1.49237967421,0.445557933267,0.795737700855,1.17585912593,1.32166288861,0.250754455894,0.0861694892595,0.0913040587754,0.348047440565,0.348047440565,0.348047440565,0.348047440565,1.21436236632
18,2.16710918853,1.28570396178,0.829581207148,0.840000632077,0.932541273584,1.00576506715,1.37262199303,0.798046577426,0.223383747411,0.101492623528,0.100875590415,0.419036403589,0.419036403589,0.419036403589,0.419036403589,1.07122051693
19,2.16710918853,1.28570396178,0.829581207148,0.840000632077,0.932541273584,1.00576506715,1.37262199303,0.798046577426,0.223383747411,0.101492623528,0.100875590415,0.419036403589,0.419036403589,0.419036403589,0.419036403589,1.07122051693
20,2.14534383055,1.08890792998,0.829581207148,0.840000632077,0.932541273584,1.00576506715,1.37262199303,0.739691333938,0.736533520732,0.0878410068927,0.103624883375,0.443424143989,0.443424143989,0.443424143989,0.443424143989,1.07122051693
21,2.14534383055,1.08890792998,0.829581207148,0.840000632077,0.932541273584,1.00576506715,1.37262199303,0.739691333938,0.736533520732,0.0878410068927,0.103624883375,0.443424143989,0.443424143989,0.443424143989,0.443424143989,1.07122051693
22,2.03998637682,1.12541690167,0.619789911495,0.791202769927,1.46068763904,0.750400467024,0.674887272026,0.636847084003,0.342379480118,0.0989119231304,0.0756588164043,0.389890588805,0.389890588805,0.389890588805,0.389890588805,1.3025458083
23,2.03998637682,1.12541690167,0.619789911495,0.791202769927,1.46068763904,0.750400467024,0.674887272026,0.636847084003,0.342379480118,0.0989119231304,0.0756588164043,0.389890588805,0.389890588805,0.389890588805,0.389890588805,1.3025458083
24,1.84287553774,1.27931591006,0.618761381285,0.760504077127,1.08528113822,0.72892509126,0.538787452131,0.54327971691,1.11683799055,0.111613261352,0.115262153194,0.323982136097,0.323982136097,0.323982136097,0.323982136097,1.55595841419
25,1.84287553774,1.27931591006,0.618761381285,0.760504077127,1.08528113822,0.72892509126,0.538787452131,0.54327971691,1.11683799055,0.111613261352,0.115262153194,0.323982136097,0.323982136097,0.323982136097,0.323982136097,1.55595841419
26,1.57277990196,1.11086159723,0.424473789676,0.77085574769,1.45378848443,1.42415381958,0.748769262593,0.743459201013,1.15159499169,0.104188668468,0.127464216783,0.409164455956,0.409164455956,0.409164455956,0.409164455956,1.37772200642
27,1.57277990196,1.11086159723,0.424473789676,0.77085574769,1.45378848443,1.42415381958,0.748769262593,0.743459201013,1.15159499169,0.104188668468,0.127464216783,0.409164455956,0.409164455956,0.409164455956,0.409164455956,1.37772200642
28,1.39043568134,1.2045106861,0.395499224228,0.6245848685,0.756101423644,1.23407462975,0.714228185366,0.752429499924,1.23956430311,0.102211909621,0.057469857481,0.381422868901,0.381422868901,0.381422868901,0.381422868901,1.22775474903
29,1.39043568134,1.2045106861,0.395499224228,0.6245848685,0.756101423644,1.23407462975,0.714228185366,0.752429499924,1.23956430311,0.102211909621,0.057469857481,0.381422868901,0.381422868901,0.381422868901,0.381422868901,1.22775474903
30,1.18916558011,0.889840286487,0.370463102823,0.99535713217,0.790705409994,0.93142802552,0.530046763661,0.967055236826,0.888630302618,0.0969938008266,0.0363659594604,0.364328029703,0.364328029703,0.364328029703,0.364328029703,1.4475021635
31,1.18916558011,0.889840286487,0.370463102823,0.99535713217,0.790705409994,0.93142802552,0.530046763661,0.967055236826,0.888630302618,0.0969938008266,0.0363659594604,0.364328029703,0.364328029703,0.364328029703,0.364328029703,1.4475021635
32,1.13026549192,1.09975373981,0.625440357988,0.858085794152,0.869649982117,0.817579785676,0.898957886056,0.912223887178,1.18499134067,0.109436077139,0.0581822899503,0.363098755783,0.363098755783,0.363098755783,0.363098755783,1.2590163797
33,1.13026549192,1.09975373981,0.625440357988,0.858085794152,0.869649982117,0.817579785676,0.898957886056,0.912223887178,1.18499134067,0.109436077139,0.0581822899503,0.363098755783,0.363098755783,0.363098755783,0.363098755783,1.2590163797
34,1.10455743045,1.27195418519,0.312155367772,0.551828945256,1.38199651351,0.958228246075,0.288278818433,0.608133717358,1.40424124608,0.116175391663,0.103346332257,0.322171248648,0.322171248648,0.322171248648,0.322171248648,1.70965155321
35,1.10455743045,1.27195418519,0.312155367772,0.551828945256,1.38199651351,0.958228246075,0.288278818433,0.608133717358,1.40424124608,0.116175391663,0.103346332257,0.322171248648,0.322171248648,0.322171248648,0.322171248648,1.70965155321
36,0.8740713109,1.2368363133,1.06548543908,1.12541690836,1.46662647975,0.7600211493,1.36693052326,0.806866556207,0.850076811269,0.119470042778,0.121996662695,0.490736107168,0.490736107168,0.490736107168,0.490736107168,1.18550403081
37,0.8740713109,1.2368363133,1.06548543908,1.12541690836,1.46662647975,0.7600211493,1.36693052326,0.806866556207,0.850076811269,0.119470042778,0.121996662695,0.490736107168,0.490736107168,0.490736107168,0.490736107168,1.18550403081
38,0.850530160122,1.34748592638,1.02472712082,1.31541162042,1.2699942096,1.08408912634,1.15736607604,0.77837311442,1.08236485835,0.116680494285,0.105464536093,0.499707140986,0.499707140986,0.499707140986,0.499707140986,1.18428684376
39,0.850530160122,1.34748592638,1.02472712082,1.31541162042,1.2699942096,1.08408912634,1.15736607604,0.77837311442,1.08236485835,0.116680494285,0.105464536093,0.499707140986,0.499707140986,0.499707140986,0.499707140986,1.18428684376
40,0.841050674319,1.38753472523,1.21696025271,1.46752116881,1.44311363897,0.927654441627,1.17772122664,0.442673302776,0.216248909104,0.11927003847,0.128191032646,0.58199227141,0.58199227141,0.58199227141,0.58199227141,1.18089212759
41,0.841050674319,1.38753472523,1.21696025271,1.46752116881,1.44311363897,0.927654441627,1.17772122664,0.442673302776,0.216248909104,0.11927003847,0.128191032646,0.58199227141,0.58199227141,0.58199227141,0.58199227141,1.18089212759
42,0.676498856523,1.42019754657,1.38387194849,1.41096137107,1.39971409313,0.873926926986,1.47303769783,0.796524430368,0.614487196093,0.126534441488,0.116865056558,0.541332127041,0.541332127041,0.541332127041,0.541332127041,1.17328422431
43,0.676498856523,1.42019754657,1.38387194849,1.41096137107,1.39971409313,0.873926926986,1.47303769783,0.796524430368,0.614487196093,0.126534441488,0.116865056558,0.541332127041,0.541332127041,0.541332127041,0.541332127041,1.17328422431
44,0.625112068242,1.47007522565,0.843630845813,1.22282581071,0.837430534228,0.963867614053,0.887367036841,0.908870264841,0.414647154482,0.128870066839,0.092409332389,0.437999873916,0.437999873916,0.437999873916,0.437999873916,1.31349000736
45,0.625112068242,1.47007522565,0.843630845813,1.22282581071,0.837430534228,0.963867614053,0.887367036841,0.908870264841,0.414647154482,0.128870066839,0.092409332389,0.437999873916,0.437999873916,0.437999873916,0.437999873916,1.31349000736
46,0.578345646138,1.41597661152,0.664647423988,1.2123921522,0.887573362641,1.38544535943,1.15471252091,1.14547336859,0.780314287041,0.121610608176,0.110303381637,0.38347357028,0.38347357028,0.38347357028,0.38347357028,1.24689552232
47,0.578345646138,1.41597661152,0.664647423988,1.2123921522,0.887573362641,1.38544535943,1.15471252091,1.14547336859,0.780314287041,0.121610608176,0.110303381637,0.38347357028,0.38347357028,0.38347357028,0.38347357028,1.24689552232
48,0.571263095414,1.39769752664,0.594778289294,1.06096262658,1.11451924085,1.28795739527,0.926860134373,0.864242224539,0.826419879446,0.123619435186,0.0764478776169,0.363047695621,0.363047695621,0.363047695621,0.363047695621,1.27636041275
49,0.571263095414,1.39769752664,0.594778289294,1.06096262658,1.11451924085,1.28795739527,0.926860134373,0.864242224539,0.826419879446,0.123619435186,0.0764478776169,0.363047695621,0.363047695621,0.363047695621,0.363047695621,1.27636041275
50,0.555293773481,1.43309672172,0.762641903155,1.18016405096,1.32162696851,0.918086677538,0.679220970283,0.576941597796,0.505036089464,0.125147746612,0.0792088380238,0.476892425696,0.476892425696,0.476892425696,0.476892425696,1.30568584276
51,0.555293773481,1.43309672172,0.762641903155,1.18016405096,1.32162696851,0.918086677538,0.679220970283,0.576941597796,0.505036089464,0.125147746612,0.0792088380238,0.476892425696,0.476892425696,0.476892425696,0.476892425696,1.30568584276
52,0.554097577717,1.36215743491,0.644047831283,1.15249708895,1.41970439352,0.829015804546,0.549534686958,0.559057874253,0.560594432167,0.125332347988,0.068441788397,0.444160895565,0.444160895565,0.444160895565,0.444160895565,1.39871779738
53,0.554097577717,1.36215743491,0.644047831283,1.15249708895,1.41970439352,0.829015804546,0.549534686958,0.559057874253,0.560594432167,0.125332347988,0.068441788397,0.444160895565,0.444160895565,0.444160895565,0.444160895565,1.39871779738
54,0.553085471158,1.39821939755,0.596194218407,1.29058332285,1.18687436081,1.07484338,0.53434894271,0.630931518063,0.543781418225,0.123320677795,0.0421055718288,0.459353842801,0.459353842801,0.459353842801,0.459353842801,1.33229031393
55,0.553085471158,1.39821939755,0.596194218407,1.29058332285,1.18687436081,1.07484338,0.53434894271,0.630931518063,0.543781418225,0.123320677795,0.0421055718288,0.459353842801,0.459353842801,0.459353842801,0.459353842801,1.33229031393
56,0.540369822296,1.38179041954,0.464867801522,1.11331383274,1.18205306585,1.31574713399,0.734589773458,1.01939960999,0.943182160866,0.123533366916,0.107040768788,0.362640306012,0.362640306012,0.362640306012,0.362640306012,1.29745933935
57,0.540369822296,1.38179041954,0.464867801522,1.11331383274,1.18205306585,1.31574713399,0.734589773458,1.01939960999,0.943182160866,0.123533366916,0.107040768788,0.362640306012,0.362640306012,0.362640306012,0.362640306012,1.29745933935
58,0.537782578691,1.45962344194,0.609338722976,1.08430396938,1.36979126456,1.17054164524,0.788677617932,0.777764946146,0.849882831442,0.1266816273,0.0943239869881,0.401819172023,0.401819172023,0.401819172023,0.401819172023,1.30591936138
59,0.537782578691,1.45962344194,0.609338722976,1.08430396938,1.36979126456,1.17054164524,0.788677617932,0.777764946146,0.849882831442,0.1266816273,0.0943239869881,0.401819172023,0.401819172023,0.401819172023,0.401819172023,1.30591936138
60,0.521154255061,1.4216289067,0.560696791467,1.20440277921,1.17671961744,1.08006848201,0.563789083482,0.671984874117,0.584198032039,0.127063016491,0.0474399226479,0.423419918425,0.423419918425,0.423419918425,0.423419918425,1.35488264269
61,0.521154255061,1.4216289067,0.560696791467,1.20440277921,1.17671961744,1.08006848201,0.563789083482,0.671984874117,0.584198032039,0.127063016491,0.0474399226479,0.423419918425,0.423419918425,0.423419918425,0.423419918425,1.35488264269
62,0.514786698219,1.43236488177,0.664923126518,1.13021352256,1.15911474863,1.10015270873,0.835656509167,0.694493858428,0.608547653557,0.126677038903,0.0559402002936,0.424677696494,0.424677696494,0.424677696494,0.424677696494,1.30237314655
63,0.514786698219,1.43236488177,0.664923126518,1.13021352256,1.15911474863,1.10015270873,0.835656509167,0.694493858428,0.608547653557,0.126677038903,0.0559402002936,0.424677696494,0.424677696494,0.424677696494,0.424677696494,1.30237314655
64,0.513842321047,1.45652972962,0.598253641419,0.94682053561,0.872765219109,1.24653488657,0.75914550494,0.550775579901,0.409976070468,0.124460595582,0.074677638781,0.402082798115,0.402082798115,0.402082798115,0.402082798115,1.3820654555
65,0.513842321047,1.45652972962,0.598253641419,0.94682053561,0.872765219109,1.24653488657,0.75914550494,0.550775579901,0.409976070468,0.124460595582,0.074677638781,0.402082798115,0.402082798115,0.402082798115,0.402082798115,1.3820654555
66,0.510628412087,1.42310528537,0.617878380667,0.917950482252,0.680086385983,1.19400154594,0.913392653043,0.699074342891,0.351014489549,0.128808290343,0.0844975079466,0.372607841837,0.372607841837,0.372607841837,0.372607841837,1.42830135654
67,0.510628412087,1.42310528537,0.617878380667,0.917950482252,0.680086385983,1.19400154594,0.913392653043,0.699074342891,0.351014489549,0.128808290343,0.0844975079466,0.372607841837,0.372607841837,0.372607841837,0.372607841837,1.42830135654
68,0.509876508434,1.38582942342,0.56193755304,0.879260510109,0.762966515223,1.11062231461,0.765928719215,0.62099785112,0.454348690831,0.126375035872,0.0726837401731,0.360882160253,0.360882160253,0.360882160253,0.360882160253,1.46498918913
69,0.509876508434,1.38582942342,0.56193755304,0.879260510109,0.762966515223,1.11062231461,0.765928719215,0.62099785112,0.454348690831,0.126375035872,0.0726837401731,0.360882160253,0.360882160253,0.360882160253,0.360882160253,1.46498918913
70,0.505270004061,1.39431109153,0.601048609232,0.962123868398,0.821016435109,1.07223763805,0.75149682497,0.607261388655,0.416862392486,0.126626574311,0.0719846280136,0.388223558821,0.388223558821,0.388223558821,0.388223558821,1.43311858732
71,0.505270004061,1.39431109153,0.601048609232,0.962123868398,0.821016435109,1.07223763805,0.75149682497,0.607261388655,0.416862392486,0.126626574311,0.0719846280136,0.388223558821,0.388223558821,0.388223558821,0.388223558821,1.43311858732
72,0.502319776421,1.40434123256,0.59741541045,0.959504124757,0.764798504079,1.09304663229,0.682537405617,0.558270622632,0.382257415409,0.12727878751,0.0703467926812,0.391224269437,0.391224269437,0.391224269437,0.391224269437,1.45192008461
73,0.502319776421,1.40434123256,0.59741541045,0.959504124757,0.764798504079,1.09304663229,0.682537405617,0.558270622632,0.382257415409,0.12727878751,0.0703467926812,0.391224269437,0.391224269437,0.391224269437,0.391224269437,1.45192008461
74,0.485084785555,1.38689224971,0.518050597001,0.80579826205,0.813973028016,1.07103000706,0.617200670523,0.507777875965,0.471345109677,0.127588152463,0.0487041508838,0.350176358097,0.350176358097,0.350176358097,0.350176358097,1.52561067134
75,0.485084785555,1.38689224971,0.518050597001,0.80579826205,0.813973028016,1.07103000706,0.617200670523,0.507777875965,0.471345109677,0.127588152463,0.0487041508838,0.350176358097,0.350176358097,0.350176358097,0.350176358097,1.52561067134
76,0.484315498311,1.41771468985,0.511500192231,0.807880327126,0.754394692184,1.1349681659,0.605475810482,0.505437335631,0.384245473688,0.125517901471,0.0562845127615,0.37611903756,0.37611903756,0.37611903756,0.37611903756,1.51470477621
77,0.484315498311,1.41771468985,0.511500192231,0.807880327126,0.754394692184,1.1349681659,0.605475810482,0.505437335631,0.384245473688,0.125517901471,0.0562845127615,0.37611903756,0.37611903756,0.37611903756,0.37611903756,1.51470477621
78,0.47237278319,1.33614618564,0.387630712657,0.654535297972,0.537235141647,1.32694003881,0.589713619136,0.600870808826,0.432240893592,0.122639044654,0.096915324307,0.29990635167,0.29990635167,0.29990635167,0.29990635167,1.6105709661
79,0.47237278319,1.33614618564,0.387630712657,0.654535297972,0.537235141647,1.32694003881,0.589713619136,0.600870808826,0.432240893592,0.122639044654,0.096915324307,0.29990635167,0.29990635167,0.29990635167,0.29990635167,1.6105709661
80,0.462099711362,1.42118275562,0.442685943013,0.702643883919,0.616971867893,1.31425053036,0.639413078934,0.550105359783,0.370529196818,0.128847544147,0.118517636745,0.325797026792,0.325797026792,0.325797026792,0.325797026792,1.57077873934
81,0.462099711362,1.42118275562,0.442685943013,0.702643883919,0.616971867893,1.31425053036,0.639413078934,0.550105359783,0.370529196818,0.128847544147,0.118517636745,0.325797026792,0.325797026792,0.325797026792,0.325797026792,1.57077873934
82,0.458965299362,1.40414071037,0.444784009363,0.63074576045,0.608752856178,1.30216373317,0.724054926631,0.56205896098,0.47342885363,0.126975178167,0.129806111059,0.301503811889,0.301503811889,0.301503811889,0.301503811889,1.57340472011
83,0.458965299362,1.40414071037,0.444784009363,0.63074576045,0.608752856178,1.30216373317,0.724054926631,0.56205896098,0.47342885363,0.126975178167,0.129806111059,0.301503811889,0.301503811889,0.301503811889,0.301503811889,1.57340472011
84,0.458715992699,1.38272236031,0.368253844991,0.562102302544,0.552833207498,1.23291519349,0.531551822957,0.475212314766,0.389802962833,0.128811783568,0.0870462301445,0.287810841953,0.287810841953,0.287810841953,0.287810841953,1.76587311377
85,0.458715992699,1.38272236031,0.368253844991,0.562102302544,0.552833207498,1.23291519349,0.531551822957,0.475212314766,0.389802962833,0.128811783568,0.0870462301445,0.287810841953,0.287810841953,0.287810841953,0.287810841953,1.76587311377
86,0.446810258598,1.38272236031,0.383496399196,0.562102302544,0.513058166571,1.21801733389,0.531551822957,0.452436587304,0.36946920728,0.1293448791,0.0980689915834,0.287810841953,0.287810841953,0.287810841953,0.287810841953,1.76587311377
87,0.446810258598,1.38272236031,0.383496399196,0.562102302544,0.513058166571,1.21801733389,0.531551822957,0.452436587304,0.36946920728,0.1293448791,0.0980689915834,0.287810841953,0.287810841953,0.287810841953,0.287810841953,1.76587311377
88,0.445339557777,1.41538483716,0.420253036697,0.622980268739,0.590839293117,1.30150482524,0.636180350787,0.525748868835,0.409067412749,0.128586718666,0.12407925941,0.30284184152,0.30284184152,0.30284184152,0.30284184152,1.64416987099
89,0.445339557777,1.41538483716,0.420253036697,0.622980268739,0.590839293117,1.30150482524,0.636180350787,0.525748868835,0.409067412749,0.128586718666,0.12407925941,0.30284184152,0.30284184152,0.30284184152,0.30284184152,1.64416987099
90,0.444944740432,1.41581869243,0.438123793149,0.652257130899,0.567153430603,1.22814781322,0.577562996119,0.470559742414,0.304717266517,0.128262509216,0.0525108023792,0.319822859525,0.319822859525,0.319822859525,0.319822859525,1.63131009331
91,0.444944740432,1.41581869243,0.438123793149,0.652257130899,0.567153430603,1.22814781322,0.577562996119,0.470559742414,0.304717266517,0.128262509216,0.0525108023792,0.319822859525,0.319822859525,0.319822859525,0.319822859525,1.63131009331
92,0.444445275636,1.38524035013,0.365993530713,0.530817655138,0.51527374633,1.24502554221,0.518734236063,0.451593750353,0.383234812854,0.128237347275,0.0817330569365,0.283564742624,0.283564742624,0.283564742624,0.283564742624,1.76508906055
93,0.444445275636,1.38524035013,0.365993530713,0.530817655138,0.51527374633,1.24502554221,0.518734236063,0.451593750353,0.383234812854,0.128237347275,0.0817330569365,0.283564742624,0.283564742624,0.283564742624,0.283564742624,1.76508906055
94,0.44353448172,1.39769168841,0.352083912228,0.511133092481,0.444905264178,1.37987932123,0.54135458661,0.442401594205,0.306851153641,0.1276716693,0.0697391538632,0.270109313814,0.270109313814,0.270109313814,0.270109313814,1.7914581275
95,0.44353448172,1.39769168841,0.352083912228,0.511133092481,0.444905264178,1.37987932123,0.54135458661,0.442401594205,0.306851153641,0.1276716693,0.0697391538632,0.270109313814,0.270109313814,0.270109313814,0.270109313814,1.7914581275
96,0.439581672868,1.4325655179,0.37124450732,0.516152773528,0.514161436683,1.45580469856,0.64514527037,0.460333769873,0.380696506573,0.129702423771,0.0434632574949,0.273584383416,0.273584383416,0.273584383416,0.273584383416,1.72543860168
97,0.439581672868,1.4325655179,0.37124450732,0.516152773528,0.514161436683,1.45580469856,0.64514527037,0.460333769873,0.380696506573,0.129702423771,0.0434632574949,0.273584383416,0.273584383416,0.273584383416,0.273584383416,1.72543860168
98,0.437545290492,1.36530422483,0.387135155198,0.578319533443,0.524513272161,1.15068645472,0.474350188417,0.429857052573,0.321124532329,0.128037987692,0.0778806311606,0.296915966556,0.296915966556,0.296915966556,0.296915966556,1.78585886037
99,0.437545290492,1.36530422483,0.387135155198,0.578319533443,0.524513272161,1.15068645472,0.474350188417,0.429857052573,0.321124532329,0.128037987692,0.0778806311606,0.296915966556,0.296915966556,0.296915966556,0.296915966556,1.78585886037
100,0.43734127784,1.3858235334,0.365277303202,0.537012219877,0.546807425006,1.34146309209,0.535449480757,0.425663785675,0.391713956405,0.127413106305,0.113934452754,0.285133029861,0.285133029861,0.285133029861,0.285133029861,1.74869228
101,0.43734127784,1.3858235334,0.365277303202,0.537012219877,0.546807425006,1.34146309209,0.535449480757,0.425663785675,0.391713956405,0.127413106305,0.113934452754,0.285133029861,0.285133029861,0.285133029861,0.285133029861,1.74869228
102,0.432513643565,1.39571191878,0.376338527028,0.577203971847,0.520507073742,1.31399713373,0.526818486179,0.459440241122,0.329602981162,0.127896035954,0.0640141764467,0.295133914334,0.295133914334,0.295133914334,0.295133914334,1.72195192429
103,0.432513643565,1.39571191878,0.376338527028,0.577203971847,0.520507073742,1.31399713373,0.526818486179,0.459440241122,0.329602981162,0.127896035954,0.0640141764467,0.295133914334,0.295133914334,0.295133914334,0.295133914334,1.72195192429
104,0.432444959235,1.43123839087,0.381186639382,0.568915622794,0.542946880411,1.28273147689,0.468070469462,0.384923851179,0.308364011291,0.128411335618,0.0576524092874,0.306659471931,0.306659471931,0.306659471931,0.306659471931,1.75959799761
105,0.432444959235,1.43123839087,0.381186639382,0.568915622794,0.542946880411,1.28273147689,0.468070469462,0.384923851179,0.308364011291,0.128411335618,0.0576524092874,0.306659471931,0.306659471931,0.306659471931,0.306659471931,1.75959799761
106,0.430396630959,1.3882666371,0.373621092582,0.535132891018,0.484726017742,1.32066845907,0.543216272159,0.404986744773,0.294211805524,0.128662842807,0.0836561742842,0.285580141965,0.285580141965,0.285580141965,0.285580141965,1.79580028191
107,0.430396630959,1.3882666371,0.373621092582,0.535132891018,0.484726017742,1.32066845907,0.543216272159,0.404986744773,0.294211805524,0.128662842807,0.0836561742842,0.285580141965,0.285580141965,0.285580141965,0.285580141965,1.79580028191
108,0.428486062974,1.3990454789,0.368031965686,0.516054670283,0.468931089364,1.37216889045,0.573943384246,0.447710246465,0.317518241617,0.12846334612,0.0811312389197,0.280619360946,0.280619360946,0.280619360946,0.280619360946,1.77159820684
109,0.428486062974,1.3990454789,0.368031965686,0.516054670283,0.468931089364,1.37216889045,0.573943384246,0.447710246465,0.317518241617,0.12846334612,0.0811312389197,0.280619360946,0.280619360946,0.280619360946,0.280619360946,1.77159820684
110,0.427567879141,1.40247850384,0.419140483059,0.60080597249,0.535838395044,1.14296108322,0.488077458887,0.383781260459,0.266656931485,0.129686109732,0.0928671314577,0.312726154013,0.312726154013,0.312726154013,0.312726154013,1.75657748136
111,0.427567879141,1.40247850384,0.419140483059,0.60080597249,0.535838395044,1.14296108322,0.488077458887,0.383781260459,0.266656931485,0.129686109732,0.0928671314577,0.312726154013,0.312726154013,0.312726154013,0.312726154013,1.75657748136
112,0.426896724766,1.4352090891,0.40193804179,0.542486131822,0.532820302847,1.26741332463,0.536714138222,0.370945876039,0.3009979036,0.129421488502,0.100398038907,0.297697610914,0.297697610914,0.297697610914,0.297697610914,1.76389782725
113,0.426896724766,1.4352090891,0.40193804179,0.542486131822,0.532820302847,1.26741332463,0.536714138222,0.370945876039,0.3009979036,0.129421488502,0.100398038907,0.297697610914,0.297697610914,0.297697610914,0.297697610914,1.76389782725
114,0.424357298889,1.43427489562,0.386825461031,0.539004305965,0.52592418347,1.27679991402,0.503169300246,0.357227129492,0.28525693194,0.129921385959,0.0664621797828,0.296608592198,0.296608592198,0.296608592198,0.296608592198,1.78669236755
115,0.424357298889,1.43427489562,0.386825461031,0.539004305965,0.52592418347,1.27679991402,0.503169300246,0.357227129492,0.28525693194,0.129921385959,0.0664621797828,0.296608592198,0.296608592198,0.296608592198,0.296608592198,1.78669236755
116,0.423172338381,1.43096115452,0.376985795718,0.540364688267,0.493507395701,1.36394352412,0.5244443887,0.401848294185,0.298243880882,0.129822402125,0.116712918189,0.28995026065,0.28995026065,0.28995026065,0.28995026065,1.78404219826
117,0.423172338381,1.43096115452,0.376985795718,0.540364688267,0.493507395701,1.36394352412,0.5244443887,0.401848294185,0.298243880882,0.129822402125,0.116712918189,0.28995026065,0.28995026065,0.28995026065,0.28995026065,1.78404219826
118,0.423172335504,1.43096116452,0.376985795718,0.540364688267,0.493507395701,1.36394352412,0.5244443887,0.401848294185,0.298243880882,0.129822402125,0.116712918189,0.28995026065,0.28995026065,0.28995026065,0.28995026065,1.78404219826
119,0.423172335504,1.43096116452,0.376985795718,0.540364688267,0.493507395701,1.36394352412,0.5244443887,0.401848294185,0.298243880882,0.129822402125,0.116712918189,0.28995026065,0.28995026065,0.28995026065,0.28995026065,1.78404219826
120,0.423171100449,1.43096115452,0.376985795718,0.540364688267,0.493507395701,1.36394352412,0.5244443887,0.401848294185,0.298243880882,0.129822412125,0.116712918189,0.28995026065,0.28995026065,0.28995026065,0.28995026065,1.78404219826
121,0.423171100449,1.43096115452,0.376985795718,0.540364688267,0.493507395701,1.36394352412,0.5244443887,0.401848294185,0.298243880882,0.129822412125,0.116712918189,0.28995026065,0.28995026065,0.28995026065,0.28995026065,1.78404219826
122,0.423171091068,1.43096115452,0.376985795718,0.540364688267,0.493507395701,1.36394352412,0.5244443887,0.401848294185,0.298243880882,0.129822402125,0.116712918189,0.28995027065,0.28995027065,0.28995027065,0.28995027065,1.78404219826
123,0.423171091068,1.43096115452,0.376985795718,0.540364688267,0.493507395701,1.36394352412,0.5244443887,0.401848294185,0.298243880882,0.129822402125,0.116712918189,0.28995027065,0.28995027065,0.28995027065,0.28995027065,1.78404219826
124,0.423168191231,1.43280043554,0.375450308629,0.534314491012,0.495637291921,1.35195839865,0.526095816164,0.401713252019,0.300060775295,0.129822424725,0.116712918189,0.290040615294,0.290040615294,0.290040615294,0.290040615294,1.7840442289
125,0.423168191231,1.43280043554,0.375450308629,0.534314491012,0.495637291921,1.35195839865,0.526095816164,0.401713252019,0.300060775295,0.129822424725,0.116712918189,0.290040615294,0.290040615294,0.290040615294,0.290040615294,1.7840442289
126,0.423168188431,1.4309699498,0.376950548958,0.54037967669,0.493519650824,1.3639190713,0.524480848857,0.401843047355,0.298236306117,0.129822424725,0.116712918189,0.290040615294,0.290040615294,0.290040615294,0.290040615294,1.7840442289
127,0.423168188431,1.4309699498,0.376950548958,0.54037967669,0.493519650824,1.3639190713,0.524480848857,0.401843047355,0.298236306117,0.129822424725,0.116712918189,0.290040615294,0.290040615294,0.290040615294,0.290040615294,1.7840442289
128,0.422760074262,1.43280043554,0.375450308629,0.534314491012,0.495637291921,1.35195839865,0.526095816164,0.401713252019,0.300060775295,0.129632931161,0.116712918189,0.28949505021,0.28949505021,0.28949505021,0.28949505021,1.78407249273
129,0.422760074262,1.43280043554,0.375450308629,0.534314491012,0.495637291921,1.35195839865,0.526095816164,0.401713252019,0.300060775295,0.129632931161,0.116712918189,0.28949505021,0.28949505021,0.28949505021,0.28949505021,1.78407249273
130,0.422760074112,1.43109222867,0.376459962662,0.540588233179,0.493690266268,1.3635787142,0.52498825943,0.401770048614,0.298130847354,0.129632931161,0.116712918189,0.28949505021,0.28949505021,0.28949505021,0.28949505021,1.78407249273
131,0.422760074112,1.43109222867,0.376459962662,0.540588233179,0.493690266268,1.3635787142,0.52498825943,0.401770048614,0.298130847354,0.129632931161,0.116712918189,0.28949505021,0.28949505021,0.28949505021,0.28949505021,1.78407249273
132,0.422760072983,1.43109221867,0.376459962662,0.540588233179,0.493690276268,1.3635787142,0.52498825943,0.401770048614,0.298130847354,0.129632931161,0.116712918189,0.28949505021,0.28949505021,0.28949505021,0.28949505021,1.78407249273
133,0.422760072983,1.43109221867,0.376459962662,0.540588233179,0.493690276268,1.3635787142,0.52498825943,0.401770048614,0.298130847354,0.129632931161,0.116712918189,0.28949505021,0.28949505021,0.28949505021,0.28949505021,1.78407249273
134,0.42276005456,1.43109221867,0.376459962662,0.540588233179,0.493690266268,1.3635787142,0.52498825943,0.401770048614,0.298130847354,0.129632941161,0.116712918189,0.28949505021,0.28949505021,0.28949505021,0.28949505021,1.78407249273
135,0.42276005456,1.43109221867,0.376459962662,0.540588233179,0.493690266268,1.3635787142,0.52498825943,0.401770048614,0.298130847354,0.129632941161,0.116712918189,0.28949505021,0.28949505021,0.28949505021,0.28949505021,1.78407249273
136,0.422752211875,1.43280043554,0.375450308629,0.534314491012,0.495637291921,1.35195839865,0.526095816164,0.401713252019,0.300060775295,0.129636696118,0.116712918189,0.289493550206,0.289493550206,0.289493550206,0.289493550206,1.78407254304
137,0.422752211875,1.43280043554,0.375450308629,0.534314491012,0.495637291921,1.35195839865,0.526095816164,0.401713252019,0.300060775295,0.129636696118,0.116712918189,0.289493550206,0.289493550206,0.289493550206,0.289493550206,1.78407254304
138,0.422752211699,1.43109232144,0.376459481806,0.540587531393,0.493690664414,1.36357833798,0.52498849796,0.401770336479,0.298130603265,0.129636696118,0.116712918189,0.289493550206,0.289493550206,0.289493550206,0.289493550206,1.78407254304
139,0.422752211699,1.43109232144,0.376459481806,0.540587531393,0.493690664414,1.36357833798,0.52498849796,0.401770336479,0.298130603265,0.129636696118,0.116712918189,0.289493550206,0.289493550206,0.289493550206,0.289493550206,1.78407254304
140,0.422752210595,1.43109231144,0.376459481806,0.540587531393,0.493690674414,1.36357833798,0.52498849796,0.401770336479,0.298130603265,0.129636696118,0.116712918189,0.289493550206,0.289493550206,0.289493550206,0.289493550206,1.78407254304
141,0.422752210595,1.43109231144,0.376459481806,0.540587531393,0.493690674414,1.36357833798,0.52498849796,0.401770336479,0.298130603265,0.129636696118,0.116712918189,0.289493550206,0.289493550206,0.289493550206,0.289493550206,1.78407254304
142,0.422752192546,1.43109231144,0.376459481806,0.540587531393,0.493690664414,1.36357833798,0.52498849796,0.401770336479,0.298130603265,0.129636706118,0.116712918189,0.289493550206,0.289493550206,0.289493550206,0.289493550206,1.78407254304
143,0.422752192546,1.43109231144,0.376459481806,0.540587531393,0.493690664414,1.36357833798,0.52498849796,0.401770336479,0.298130603265,0.129636706118,0.116712918189,0.289493550206,0.289493550206,0.289493550206,0.289493550206,1.78407254304
144,0.422751097024,1.43109231144,0.376459481806,0.540587531393,0.493690664414,1.36357833798,0.52498849796,0.401770336479,0.298130603265,0.129636696118,0.116712918189,0.289493560206,0.289493560206,0.289493560206,0.289493560206,1.78407254304
145,0.422751097024,1.43109231144,0.376459481806,0.540587531393,0.493690664414,1.36357833798,0.52498849796,0.401770336479,0.298130603265,0.129636696118,0.116712918189,0.289493560206,0.289493560206,0.289493560206,0.289493560206,1.78407254304
146,0.42268255442,1.43280043554,0.375450308629,0.534314491012,0.495637291921,1.35195839865,0.526095816164,0.401713252019,0.300060775295,0.129676942504,0.116712918189,0.289494995141,0.289494995141,0.289494995141,0.289494995141,1.78407200106
147,0.42268255442,1.43280043554,0.375450308629,0.534314491012,0.495637291921,1.35195839865,0.526095816164,0.401713252019,0.300060775295,0.129676942504,0.116712918189,0.289494995141,0.289494995141,0.289494995141,0.289494995141,1.78407200106
148,0.422682553923,1.4310888469,0.376472438736,0.540573825102,0.493688247243,1.36358694176,0.524972755021,0.401775515953,0.298132115493,0.129676942504,0.116712918189,0.289494995141,0.289494995141,0.289494995141,0.289494995141,1.78407200106
149,0.422682553923,1.4310888469,0.376472438736,0.540573825102,0.493688247243,1.36358694176,0.524972755021,0.401775515953,0.298132115493,0.129676942504,0.116712918189,0.289494995141,0.289494995141,0.289494995141,0.289494995141,1.78407200106
150,0.422682553148,1.4310888369,0.376472438736,0.540573825102,0.493688257243,1.36358694176,0.524972755021,0.401775515953,0.298132115493,0.129676942504,0.116712918189,0.289494995141,0.289494995141,0.289494995141,0.289494995141,1.78407200106
151,0.422682553148,1.4310888369,0.376472438736,0.540573825102,0.493688257243,1.36358694176,0.524972755021,0.401775515953,0.298132115493,0.129676942504,0.116712918189,0.289494995141,0.289494995141,0.289494995141,0.289494995141,1.78407200106
152,0.422682539562,1.4310888369,0.376472438736,0.540573825102,0.493688247243,1.36358694176,0.524972755021,0.401775515953,0.298132115493,0.129676952504,0.116712918189,0.289494995141,0.289494995141,0.289494995141,0.289494995141,1.78407200106
153,0.422682539562,1.4310888369,0.376472438736,0.540573825102,0.493688247243,1.36358694176,0.524972755021,0.401775515953,0.298132115493,0.129676952504,0.116712918189,0.289494995141,0.289494995141,0.289494995141,0.289494995141,1.78407200106
154,0.42262013699,1.43280043554,0.375450308629,0.534314491012,0.495637291921,1.35195839865,0.526095816164,0.401713252019,0.300060775295,0.129730105201,0.116712918189,0.289495296037,0.289495296037,0.289495296037,0.289495296037,1.78407138518
155,0.42262013699,1.43280043554,0.375450308629,0.534314491012,0.495637291921,1.35195839865,0.526095816164,0.401713252019,0.300060775295,0.129730105201,0.116712918189,0.289495296037,0.289495296037,0.289495296037,0.289495296037,1.78407138518
156,0.422620136075,1.43108466974,0.376487883978,0.540556290827,0.493685670274,1.36359714216,0.524953646573,0.401782164464,0.298133732661,0.129730105201,0.116712918189,0.289495296037,0.289495296037,0.289495296037,0.289495296037,1.78407138518
157,0.422620136075,1.43108466974,0.376487883978,0.540556290827,0.493685670274,1.36359714216,0.524953646573,0.401782164464,0.298133732661,0.129730105201,0.116712918189,0.289495296037,0.289495296037,0.289495296037,0.289495296037,1.78407138518
158,0.42262013573,1.43108465974,0.376487883978,0.540556290827,0.493685680274,1.36359714216,0.524953646573,0.401782164464,0.298133732661,0.129730105201,0.116712918189,0.289495296037,0.289495296037,0.289495296037,0.289495296037,1.78407138518
159,0.42262013573,1.43108465974,0.376487883978,0.540556290827,0.493685680274,1.36359714216,0.524953646573,0.401782164464,0.298133732661,0.129730105201,0.116712918189,0.289495296037,0.289495296037,0.289495296037,0.289495296037,1.78407138518
160,0.422619081066,1.43108465974,0.376487883978,0.540556290827,0.493685670274,1.36359714216,0.524953646573,0.401782164464,0.298133732661,0.129730115201,0.116712918189,0.289495296037,0.289495296037,0.289495296037,0.289495296037,1.78407138518
161,0.422619081066,1.43108465974,0.376487883978,0.540556290827,0.493685670274,1.36359714216,0.524953646573,0.401782164464,0.298133732661,0.129730115201,0.116712918189,0.289495296037,0.289495296037,0.289495296037,0.289495296037,1.78407138518
162,0.422590175715,1.43280043554,0.375450308629,0.534314491012,0.495637291921,1.35195839865,0.526095816164,0.401713252019,0.300060775295,0.129800982537,0.116712918189,0.289495697196,0.289495697196,0.289495697196,0.289495697196,1.78407056408
163,0.422590175715,1.43280043554,0.375450308629,0.534314491012,0.495637291921,1.35195839865,0.526095816164,0.401713252019,0.300060775295,0.129800982537,0.116712918189,0.289495697196,0.289495697196,0.289495697196,0.289495697196,1.78407056408
164,0.422590174244,1.43107910068,0.376508475816,0.540532913858,0.493682234619,1.36361074149,0.524928170892,0.401791028362,0.298135888696,0.129800982537,0.116712918189,0.289495697196,0.289495697196,0.289495697196,0.289495697196,1.78407056408
165,0.422590174244,1.43107910068,0.376508475816,0.540532913858,0.493682234619,1.36361074149,0.524928170892,0.401791028362,0.298135888696,0.129800982537,0.116712918189,0.289495697196,0.289495697196,0.289495697196,0.289495697196,1.78407056408
166,0.422534508083,1.43280043554,0.375450308629,0.534314491012,0.495637291921,1.35195839865,0.526095816164,0.401713252019,0.300060775295,0.129819502886,0.116712918189,0.289495714609,0.289495714609,0.289495714609,0.289495714609,1.78408334618
167,0.422534508083,1.43280043554,0.375450308629,0.534314491012,0.495637291921,1.35195839865,0.526095816164,0.401713252019,0.300060775295,0.129819502886,0.116712918189,0.289495714609,0.289495714609,0.289495714609,0.289495714609,1.78408334618
168,0.422534506675,1.43110771848,0.376419069553,0.540537669173,0.493716355631,1.36355722495,0.524999186082,0.401792581912,0.298115489509,0.129819502886,0.116712918189,0.289495714609,0.289495714609,0.289495714609,0.289495714609,1.78408334618
169,0.422534506675,1.43110771848,0.376419069553,0.540537669173,0.493716355631,1.36355722495,0.524999186082,0.401792581912,0.298115489509,0.129819502886,0.116712918189,0.289495714609,0.289495714609,0.289495714609,0.289495714609,1.78408334618
170,0.422406093913,1.43280043554,0.375450308629,0.534314491012,0.495637291921,1.35195839865,0.526095816164,0.401713252019,0.300060775295,0.129813389398,0.116712918189,0.289495272945,0.289495272945,0.289495272945,0.289495272945,1.78414224661
171,0.422406093913,1.43280043554,0.375450308629,0.534314491012,0.495637291921,1.35195839865,0.526095816164,0.401713252019,0.300060775295,0.129813389398,0.116712918189,0.289495272945,0.289495272945,0.289495272945,0.289495272945,1.78414224661
172,0.422406093497,1.43124432586,0.375988228823,0.540588849599,0.493875173006,1.36329771434,0.525352974765,0.401788369748,0.29802041113,0.129813389398,0.116712918189,0.289495272945,0.289495272945,0.289495272945,0.289495272945,1.78414224661
173,0.422406093497,1.43124432586,0.375988228823,0.540588849599,0.493875173006,1.36329771434,0.525352974765,0.401788369748,0.29802041113,0.129813389398,0.116712918189,0.289495272945,0.289495272945,0.289495272945,0.289495272945,1.78414224661
174,0.422406092166,1.43124431586,0.375988228823,0.540588849599,0.493875183006,1.36329771434,0.525352974765,0.401788369748,0.29802041113,0.129813389398,0.116712918189,0.289495272945,0.289495272945,0.289495272945,0.289495272945,1.78414224661
175,0.422406092166,1.43124431586,0.375988228823,0.540588849599,0.493875183006,1.36329771434,0.525352974765,0.401788369748,0.29802041113,0.129813389398,0.116712918189,0.289495272945,0.289495272945,0.289495272945,0.289495272945,1.78414224661
176,0.422404979016,1.43124431586,0.375988228823,0.540588849599,0.493875173006,1.36329771434,0.525352974765,0.401788369748,0.29802041113,0.129813399398,0.116712918189,0.289495272945,0.289495272945,0.289495272945,0.289495272945,1.78414224661
177,0.422404979016,1.43124431586,0.375988228823,0.540588849599,0.493875173006,1.36329771434,0.525352974765,0.401788369748,0.29802041113,0.129813399398,0.116712918189,0.289495272945,0.289495272945,0.289495272945,0.289495272945,1.78414224661
178,0.422403125024,1.43280043554,0.375450308629,0.534314491012,0.495637291921,1.35195839865,0.526095816164,0.401713252019,0.300060775295,0.129813862575,0.116712918189,0.28949514998,0.28949514998,0.28949514998,0.28949514998,1.7841510225
179,0.422403125024,1.43280043554,0.375450308629,0.534314491012,0.495637291921,1.35195839865,0.526095816164,0.401713252019,0.300060775295,0.129813862575,0.116712918189,0.28949514998,0.28949514998,0.28949514998,0.28949514998,1.7841510225
180,0.422403124746,1.43126461524,0.375924283927,0.540596052641,0.493898825586,1.36325921509,0.525405329262,0.401787906466,0.298006252661,0.129813862575,0.116712918189,0.28949514998,0.28949514998,0.28949514998,0.28949514998,1.7841510225
181,0.422403124746,1.43126461524,0.375924283927,0.540596052641,0.493898825586,1.36325921509,0.525405329262,0.401787906466,0.298006252661,0.129813862575,0.116712918189,0.28949514998,0.28949514998,0.28949514998,0.28949514998,1.7841510225
182,0.422403124319,1.43126460524,0.375924293927,0.540596052641,0.493898825586,1.36325921509,0.525405329262,0.401787906466,0.298006252661,0.129813862575,0.116712918189,0.28949514998,0.28949514998,0.28949514998,0.28949514998,1.7841510225
183,0.422403124319,1.43126460524,0.375924293927,0.540596052641,0.493898825586,1.36325921509,0.525405329262,0.401787906466,0.298006252661,0.129813862575,0.116712918189,0.28949514998,0.28949514998,0.28949514998,0.28949514998,1.7841510225
184,0.422403123216,1.43126460524,0.375924283927,0.540596052641,0.493898835586,1.36325921509,0.525405329262,0.401787906466,0.298006252661,0.129813862575,0.116712918189,0.28949514998,0.28949514998,0.28949514998,0.28949514998,1.7841510225
185,0.422403123216,1.43126460524,0.375924283927,0.540596052641,0.493898835586,1.36325921509,0.525405329262,0.401787906466,0.298006252661,0.129813862575,0.116712918189,0.28949514998,0.28949514998,0.28949514998,0.28949514998,1.7841510225
186,0.422403113879,1.43126460524,0.375924283927,0.540596052641,0.493898825586,1.36325921509,0.525405329262,0.401787906466,0.298006252661,0.129813872575,0.116712918189,0.28949514998,0.28949514998,0.28949514998,0.28949514998,1.7841510225
187,0.422403113879,1.43126460524,0.375924283927,0.540596052641,0.493898825586,1.36325921509,0.525405329262,0.401787906466,0.298006252661,0.129813872575,0.116712918189,0.28949514998,0.28949514998,0.28949514998,0.28949514998,1.7841510225
188,0.422403104471,1.4312663794,0.375918692842,0.540596690487,0.493900892461,1.36325584829,0.525409910364,0.401787862901,0.298005015458,0.129813876634,0.116712918189,0.289495144106,0.289495144106,0.289495144106,0.289495144106,1.78415178952
189,0.422403104471,1.4312663794,0.375918692842,0.540596690487,0.493900892461,1.36325584829,0.525409910364,0.401787862901,0.298005015458,0.129813876634,0.116712918189,0.289495144106,0.289495144106,0.289495144106,0.289495144106,1.78415178952
190,0.422346699281,1.43280043554,0.375450308629,0.534314491012,0.495637291921,1.35195839865,0.526095816164,0.401713252019,0.300060775295,0.129813894618,0.116712918189,0.289494806316,0.289494806316,0.289494806316,0.289494806316,1.78417520287
191,0.422346699281,1.43280043554,0.375450308629,0.534314491012,0.495637291921,1.35195839865,0.526095816164,0.401713252019,0.300060775295,0.129813894618,0.116712918189,0.289494806316,0.289494806316,0.289494806316,0.289494806316,1.78417520287
192,0.422346699015,1.43129333736,0.375878962758,0.540505481177,0.493967363253,1.3632081987,0.525438105235,0.401837644789,0.297967742976,0.129813894618,0.116712918189,0.289494806316,0.289494806316,0.289494806316,0.289494806316,1.78417520287
193,0.422346699015,1.43129333736,0.375878962758,0.540505481177,0.493967363253,1.3632081987,0.525438105235,0.401837644789,0.297967742976,0.129813894618,0.116712918189,0.289494806316,0.289494806316,0.289494806316,0.289494806316,1.78417520287
194,0.422346698565,1.43129332736,0.375878972758,0.540505481177,0.493967363253,1.3632081987,0.525438105235,0.401837644789,0.297967742976,0.129813894618,0.116712918189,0.289494806316,0.289494806316,0.289494806316,0.289494806316,1.78417520287
195,0.422346698565,1.43129332736,0.375878972758,0.540505481177,0.493967363253,1.3632081987,0.525438105235,0.401837644789,0.297967742976,0.129813894618,0.116712918189,0.289494806316,0.289494806316,0.289494806316,0.289494806316,1.78417520287
196,0.422346697534,1.43129332736,0.375878962758,0.540505481177,0.493967373253,1.3632081987,0.525438105235,0.401837644789,0.297967742976,0.129813894618,0.116712918189,0.289494806316,0.289494806316,0.289494806316,0.289494806316,1.78417520287
197,0.422346697534,1.43129332736,0.375878962758,0.540505481177,0.493967373253,1.3632081987,0.525438105235,0.401837644789,0.297967742976,0.129813894618,0.116712918189,0.289494806316,0.289494806316,0.289494806316,0.289494806316,1.78417520287
198,0.422346697532,1.43129332736,0.375878962758,0.540505481177,0.493967363253,1.3632081987,0.525438105235,0.401837654789,0.297967742976,0.129813894618,0.116712918189,0.289494806316,0.289494806316,0.289494806316,0.289494806316,1.78417520287
199,0.422346697532,1.43129332736,0.375878962758,0.540505481177,0.493967363253,1.3632081987,0.525438105235,0.401837654789,0.297967742976,0.129813894618,0.116712918189,0.289494806316,0.289494806316,0.289494806316,0.289494806316,1.78417520287
200,0.422346687945,1.43129332736,0.375878962758,0.540505481177,0.493967363253,1.3632081987,0.525438105235,0.401837644789,0.297967742976,0.129813904618,0.116712918189,0.289494806316,0.289494806316,0.289494806316,0.289494806316,1.78417520287
201,0.422346687945,1.43129332736,0.375878962758,0.540505481177,0.493967363253,1.3632081987,0.525438105235,0.401837644789,0.297967742976,0.129813904618,0.116712918189,0.289494806316,0.289494806316,0.289494806316,0.289494806316,1.78417520287
202,0.422136618074,1.43280043554,0.375450308629,0.534314491012,0.495637291921,1.35195839865,0.526095816164,0.401713252019,0.300060775295,0.129814006555,0.116712918189,0.289493455159,0.289493455159,0.289493455159,0.289493455159,1.78426885628
203,0.422136618074,1.43280043554,0.375450308629,0.534314491012,0.495637291921,1.35195839865,0.526095816164,0.401713252019,0.300060775295,0.129814006555,0.116712918189,0.289493455159,0.289493455159,0.289493455159,0.289493455159,1.78426885628
204,0.422136617806,1.4314011292,0.375720042419,0.540140643939,0.49423324642,1.36301760032,0.525550884718,0.40203677234,0.297818653048,0.129814006555,0.116712918189,0.289493455159,0.289493455159,0.289493455159,0.289493455159,1.78426885628
205,0.422136617806,1.4314011292,0.375720042419,0.540140643939,0.49423324642,1.36301760032,0.525550884718,0.40203677234,0.297818653048,0.129814006555,0.116712918189,0.289493455159,0.289493455159,0.289493455159,0.289493455159,1.78426885628
206,0.422136617464,1.4314011192,0.375720052419,0.540140643939,0.49423324642,1.36301760032,0.525550884718,0.40203677234,0.297818653048,0.129814006555,0.116712918189,0.289493455159,0.289493455159,0.289493455159,0.289493455159,1.78426885628
207,0.422136617464,1.4314011192,0.375720052419,0.540140643939,0.49423324642,1.36301760032,0.525550884718,0.40203677234,0.297818653048,0.129814006555,0.116712918189,0.289493455159,0.289493455159,0.289493455159,0.289493455159,1.78426885628
208,0.422136616589,1.4314011192,0.375720042419,0.540140643939,0.49423325642,1.36301760032,0.525550884718,0.40203677234,0.297818653048,0.129814006555,0.116712918189,0.289493455159,0.289493455159,0.289493455159,0.289493455159,1.78426885628
209,0.422136616589,1.4314011192,0.375720042419,0.540140643939,0.49423325642,1.36301760032,0.525550884718,0.40203677234,0.297818653048,0.129814006555,0.116712918189,0.289493455159,0.289493455159,0.289493455159,0.289493455159,1.78426885628
210,0.422136616573,1.4314011192,0.375720042419,0.540140643939,0.49423324642,1.36301760032,0.525550884718,0.40203678234,0.297818653048,0.129814006555,0.116712918189,0.289493455159,0.289493455159,0.289493455159,0.289493455159,1.78426885628
211,0.422136616573,1.4314011192,0.375720042419,0.540140643939,0.49423324642,1.36301760032,0.525550884718,0.40203678234,0.297818653048,0.129814006555,0.116712918189,0.289493455159,0.289493455159,0.289493455159,0.289493455159,1.78426885628
212,0.422136606399,1.4314011192,0.375720042419,0.540140643939,0.49423324642,1.36301760032,0.525550884718,0.40203677234,0.297818653048,0.129814016555,0.116712918189,0.289493455159,0.289493455159,0.289493455159,0.289493455159,1.78426885628
213,0.422136606399,1.4314011192,0.375720042419,0.540140643939,0.49423324642,1.36301760032,0.525550884718,0.40203677234,0.297818653048,0.129814016555,0.116712918189,0.289493455159,0.289493455159,0.289493455159,0.289493455159,1.78426885628
214,0.421281356698,1.43280043554,0.375450308629,0.534314491012,0.495637291921,1.35195839865,0.526095816164,0.401713252019,0.300060775295,0.129814965939,0.116712918189,0.289481902722,0.289481902722,0.289481902722,0.289481902722,1.78509566131
215,0.421281356698,1.43280043554,0.375450308629,0.534314491012,0.495637291921,1.35195839865,0.526095816164,0.401713252019,0.300060775295,0.129814965939,0.116712918189,0.289481902722,0.289481902722,0.289481902722,0.289481902722,1.78509566131
216,0.421281356533,1.43239025655,0.374409788735,0.536921329556,0.49616503916,1.36107361577,0.526434846206,0.403490757877,0.296819643848,0.129814965939,0.116712918189,0.289481902722,0.289481902722,0.289481902722,0.289481902722,1.78509566131
217,0.421281356533,1.43239025655,0.374409788735,0.536921329556,0.49616503916,1.36107361577,0.526434846206,0.403490757877,0.296819643848,0.129814965939,0.116712918189,0.289481902722,0.289481902722,0.289481902722,0.289481902722,1.78509566131
218,0.421281356521,1.43239024655,0.374409798735,0.536921329556,0.49616503916,1.36107361577,0.526434846206,0.403490757877,0.296819643848,0.129814965939,0.116712918189,0.289481902722,0.289481902722,0.289481902722,0.289481902722,1.78509566131
219,0.421281356521,1.43239024655,0.374409798735,0.536921329556,0.49616503916,1.36107361577,0.526434846206,0.403490757877,0.296819643848,0.129814965939,0.116712918189,0.289481902722,0.289481902722,0.289481902722,0.289481902722,1.78509566131
220,0.421281356292,1.43239024655,0.374409788735,0.536921329556,0.49616503916,1.36107361577,0.526434846206,0.403490757877,0.296819653848,0.129814965939,0.116712918189,0.289481902722,0.289481902722,0.289481902722,0.289481902722,1.78509566131
221,0.421281356292,1.43239024655,0.374409788735,0.536921329556,0.49616503916,1.36107361577,0.526434846206,0.403490757877,0.296819653848,0.129814965939,0.116712918189,0.289481902722,0.289481902722,0.289481902722,0.289481902722,1.78509566131
222,0.421224611637,1.43280043554,0.375450308629,0.534314491012,0.495637291921,1.35195839865,0.526095816164,0.401713252019,0.300060775295,0.129815047575,0.116712918189,0.289480727056,0.289480727056,0.289480727056,0.289480727056,1.78523074338
223,0.421224611637,1.43280043554,0.375450308629,0.534314491012,0.495637291921,1.35195839865,0.526095816164,0.401713252019,0.300060775295,0.129815047575,0.116712918189,0.289480727056,0.289480727056,0.289480727056,0.289480727056,1.78523074338
224,0.421224611471,1.43254566998,0.374393390888,0.536540475252,0.496118188089,1.3605934546,0.526423055569,0.403424788133,0.296945328398,0.129815047575,0.116712918189,0.289480727056,0.289480727056,0.289480727056,0.289480727056,1.78523074338
225,0.421224611471,1.43254566998,0.374393390888,0.536540475252,0.496118188089,1.3605934546,0.526423055569,0.403424788133,0.296945328398,0.129815047575,0.116712918189,0.289480727056,0.289480727056,0.289480727056,0.289480727056,1.78523074338
226,0.421224611232,1.43254565998,0.374393390888,0.536540475252,0.496118188089,1.3605934546,0.526423055569,0.403424788133,0.296945338398,0.129815047575,0.116712918189,0.289480727056,0.289480727056,0.289480727056,0.289480727056,1.78523074338
227,0.421224611232,1.43254565998,0.374393390888,0.536540475252,0.496118188089,1.3605934546,0.526423055569,0.403424788133,0.296945338398,0.129815047575,0.116712918189,0.289480727056,0.289480727056,0.289480727056,0.289480727056,1.78523074338
228,0.4212245977,1.43254565998,0.374393390888,0.536540475252,0.496118188089,1.3605934546,0.526423055569,0.403424788133,0.296945328398,0.129815057575,0.116712918189,0.289480727056,0.289480727056,0.289480727056,0.289480727056,1.78523074338
229,0.4212245977,1.43254565998,0.374393390888,0.536540475252,0.496118188089,1.3605934546,0.526423055569,0.403424788133,0.296945328398,0.129815057575,0.116712918189,0.289480727056,0.289480727056,0.289480727056,0.289480727056,1.78523074338
230,0.421170017754,1.43280043554,0.375450308629,0.534314491012,0.495637291921,1.35195839865,0.526095816164,0.401713252019,0.300060775295,0.129815109405,0.116712918189,0.289479689773,0.289479689773,0.289479689773,0.289479689773,1.78530856407
231,0.421170017754,1.43280043554,0.375450308629,0.534314491012,0.495637291921,1.35195839865,0.526095816164,0.401713252019,0.300060775295,0.129815109405,0.116712918189,0.289479689773,0.289479689773,0.289479689773,0.289479689773,1.78530856407
232,0.421170017608,1.43260231413,0.374540273198,0.536526016635,0.495875697953,1.3602559772,0.52633345808,0.403167354791,0.297180314501,0.129815109405,0.116712918189,0.289479689773,0.289479689773,0.289479689773,0.289479689773,1.78530856407
233,0.421170017608,1.43260231413,0.374540273198,0.536526016635,0.495875697953,1.3602559772,0.52633345808,0.403167354791,0.297180314501,0.129815109405,0.116712918189,0.289479689773,0.289479689773,0.289479689773,0.289479689773,1.78530856407
234,0.421170017545,1.43260230413,0.374540283198,0.536526016635,0.495875697953,1.3602559772,0.52633345808,0.403167354791,0.297180314501,0.129815109405,0.116712918189,0.289479689773,0.289479689773,0.289479689773,0.289479689773,1.78530856407
235,0.421170017545,1.43260230413,0.374540283198,0.536526016635,0.495875697953,1.3602559772,0.52633345808,0.403167354791,0.297180314501,0.129815109405,0.116712918189,0.289479689773,0.289479689773,0.289479689773,0.289479689773,1.78530856407
236,0.421170017486,1.43260230413,0.374540273198,0.536526016635,0.495875697953,1.3602559772,0.52633345808,0.403167354791,0.297180324501,0.129815109405,0.116712918189,0.289479689773,0.289479689773,0.289479689773,0.289479689773,1.78530856407
237,0.421170017486,1.43260230413,0.374540273198,0.536526016635,0.495875697953,1.3602559772,0.52633345808,0.403167354791,0.297180324501,0.129815109405,0.116712918189,0.289479689773,0.289479689773,0.289479689773,0.289479689773,1.78530856407
238,0.421169705912,1.43260230413,0.374540273198,0.536526016635,0.495875697953,1.3602559772,0.52633345808,0.403167354791,0.297180314501,0.129815119405,0.116712918189,0.289479689773,0.289479689773,0.289479689773,0.289479689773,1.78530856407
239,0.421169705912,1.43260230413,0.374540273198,0.536526016635,0.495875697953,1.3602559772,0.52633345808,0.403167354791,0.297180314501,0.129815119405,0.116712918189,0.289479689773,0.289479689773,0.289479689773,0.289479689773,1.78530856407
240,0.421148542258,1.43280043554,0.375450308629,0.534314491012,0.495637291921,1.35195839865,0.526095816164,0.401713252019,0.300060775295,0.129815174351,0.116712918189,0.289479987983,0.289479987983,0.289479987983,0.289479987983,1.78531207889
241,0.421148542258,1.43280043554,0.375450308629,0.534314491012,0.495637291921,1.35195839865,0.526095816164,0.401713252019,0.300060775295,0.129815174351,0.116712918189,0.289479987983,0.289479987983,0.289479987983,0.289479987983,1.78531207889
242,0.421148542114,1.43257637049,0.374793085688,0.536772189874,0.495466338509,1.36008866947,0.526165015354,0.402793449053,0.297501584267,0.129815174351,0.116712918189,0.289479987983,0.289479987983,0.289479987983,0.289479987983,1.78531207889
243,0.421148542114,1.43257637049,0.374793085688,0.536772189874,0.495466338509,1.36008866947,0.526165015354,0.402793449053,0.297501584267,0.129815174351,0.116712918189,0.289479987983,0.289479987983,0.289479987983,0.289479987983,1.78531207889
244,0.421148541958,1.43257636049,0.374793095688,0.536772189874,0.495466338509,1.36008866947,0.526165015354,0.402793449053,0.297501584267,0.129815174351,0.116712918189,0.289479987983,0.289479987983,0.289479987983,0.289479987983,1.78531207889
245,0.421148541958,1.43257636049,0.374793095688,0.536772189874,0.495466338509,1.36008866947,0.526165015354,0.402793449053,0.297501584267,0.129815174351,0.116712918189,0.289479987983,0.289479987983,0.289479987983,0.289479987983,1.78531207889
246,0.421148529231,1.43257636049,0.374793085688,0.536772189874,0.495466338509,1.36008866947,0.526165015354,0.402793449053,0.297501584267,0.129815184351,0.116712918189,0.289479987983,0.289479987983,0.289479987983,0.289479987983,1.78531207889
247,0.421148529231,1.43257636049,0.374793085688,0.536772189874,0.495466338509,1.36008866947,0.526165015354,0.402793449053,0.297501584267,0.129815184351,0.116712918189,0.289479987983,0.289479987983,0.289479987983,0.289479987983,1.78531207889
248,0.421108089561,1.43280043554,0.375450308629,0.534314491012,0.495637291921,1.35195839865,0.526095816164,0.401713252019,0.300060775295,0.129815448825,0.116712918189,0.289478940412,0.289478940412,0.289478940412,0.289478940412,1.78543838077
249,0.421108089561,1.43280043554,0.375450308629,0.534314491012,0.495637291921,1.35195839865,0.526095816164,0.401713252019,0.300060775295,0.129815448825,0.116712918189,0.289478940412,0.289478940412,0.289478940412,0.289478940412,1.78543838077
250,0.421108089436,1.43267646937,0.374986928916,0.53668667178,0.495140113708,1.35956277919,0.52604403159,0.402443731022,0.297831297975,0.129815448825,0.116712918189,0.289478940412,0.289478940412,0.289478940412,0.289478940412,1.78543838077
251,0.421108089436,1.43267646937,0.374986928916,0.53668667178,0.495140113708,1.35956277919,0.52604403159,0.402443731022,0.297831297975,0.129815448825,0.116712918189,0.289478940412,0.289478940412,0.289478940412,0.289478940412,1.78543838077
252,0.421108089191,1.43267645937,0.374986938916,0.53668667178,0.495140113708,1.35956277919,0.52604403159,0.402443731022,0.297831297975,0.129815448825,0.116712918189,0.289478940412,0.289478940412,0.289478940412,0.289478940412,1.78543838077
253,0.421108089191,1.43267645937,0.374986938916,0.53668667178,0.495140113708,1.35956277919,0.52604403159,0.402443731022,0.297831297975,0.129815448825,0.116712918189,0.289478940412,0.289478940412,0.289478940412,0.289478940412,1.78543838077
254,0.421108089118,1.43267645937,0.374986928916,0.53668667178,0.495140123708,1.35956277919,0.52604403159,0.402443731022,0.297831297975,0.129815448825,0.116712918189,0.289478940412,0.289478940412,0.289478940412,0.289478940412,1.78543838077
255,0.421108089118,1.43267645937,0.374986928916,0.53668667178,0.495140123708,1.35956277919,0.52604403159,0.402443731022,0.297831297975,0.129815448825,0.116712918189,0.289478940412,0.289478940412,0.289478940412,0.289478940412,1.78543838077
256,0.421107483027,1.43267645937,0.374986928916,0.53668667178,0.495140113708,1.35956277919,0.52604403159,0.402443731022,0.297831297975,0.129815458825,0.116712918189,0.289478940412,0.289478940412,0.289478940412,0.289478940412,1.78543838077
257,0.421107483027,1.43267645937,0.374986928916,0.53668667178,0.495140113708,1.35956277919,0.52604403159,0.402443731022,0.297831297975,0.129815458825,0.116712918189,0.289478940412,0.289478940412,0.289478940412,0.289478940412,1.78543838077
258,0.421087122109,1.43280043554,0.375450308629,0.534314491012,0.495637291921,1.35195839865,0.526095816164,0.401713252019,0.300060775295,0.129815704058,0.116712918189,0.289478876371,0.289478876371,0.289478876371,0.289478876371,1.78548216943
259,0.421087122109,1.43280043554,0.375450308629,0.534314491012,0.495637291921,1.35195839865,0.526095816164,0.401713252019,0.300060775295,0.129815704058,0.116712918189,0.289478876371,0.289478876371,0.289478876371,0.289478876371,1.78548216943
260,0.421087121985,1.43272541662,0.374958827091,0.536551625278,0.495170784726,1.35943015012,0.526061327448,0.402458418174,0.297834234749,0.129815704058,0.116712918189,0.289478876371,0.289478876371,0.289478876371,0.289478876371,1.78548216943
261,0.421087121985,1.43272541662,0.374958827091,0.536551625278,0.495170784726,1.35943015012,0.526061327448,0.402458418174,0.297834234749,0.129815704058,0.116712918189,0.289478876371,0.289478876371,0.289478876371,0.289478876371,1.78548216943
262,0.421087121753,1.43272540662,0.374958837091,0.536551625278,0.495170784726,1.35943015012,0.526061327448,0.402458418174,0.297834234749,0.129815704058,0.116712918189,0.289478876371,0.289478876371,0.289478876371,0.289478876371,1.78548216943
263,0.421087121753,1.43272540662,0.374958837091,0.536551625278,0.495170784726,1.35943015012,0.526061327448,0.402458418174,0.297834234749,0.129815704058,0.116712918189,0.289478876371,0.289478876371,0.289478876371,0.289478876371,1.78548216943
264,0.421087121703,1.43272540662,0.374958827091,0.536551625278,0.495170794726,1.35943015012,0.526061327448,0.402458418174,0.297834234749,0.129815704058,0.116712918189,0.289478876371,0.289478876371,0.289478876371,0.289478876371,1.78548216943
265,0.421087121703,1.43272540662,0.374958827091,0.536551625278,0.495170794726,1.35943015012,0.526061327448,0.402458418174,0.297834234749,0.129815704058,0.116712918189,0.289478876371,0.289478876371,0.289478876371,0.289478876371,1.78548216943
266,0.421044074215,1.43280043554,0.375450308629,0.534314491012,0.495637291921,1.35195839865,0.526095816164,0.401713252019,0.300060775295,0.129815910829,0.116712918189,0.289478464273,0.289478464273,0.289478464273,0.289478464273,1.78558670489
267,0.421044074215,1.43280043554,0.375450308629,0.534314491012,0.495637291921,1.35195839865,0.526095816164,0.401713252019,0.300060775295,0.129815910829,0.116712918189,0.289478464273,0.289478464273,0.289478464273,0.289478464273,1.78558670489
268,0.421044074005,1.43283703579,0.374907886413,0.536185424912,0.49527257803,1.35913834616,0.526086293567,0.402531119117,0.297819528073,0.129815910829,0.116712918189,0.289478464273,0.289478464273,0.289478464273,0.289478464273,1.78558670489
269,0.421044074005,1.43283703579,0.374907886413,0.536185424912,0.49527257803,1.35913834616,0.526086293567,0.402531119117,0.297819528073,0.129815910829,0.116712918189,0.289478464273,0.289478464273,0.289478464273,0.289478464273,1.78558670489
270,0.42104407398,1.43283702579,0.374907886413,0.536185424912,0.49527258803,1.35913834616,0.526086293567,0.402531119117,0.297819528073,0.129815910829,0.116712918189,0.289478464273,0.289478464273,0.289478464273,0.289478464273,1.78558670489
271,0.42104407398,1.43283702579,0.374907886413,0.536185424912,0.49527258803,1.35913834616,0.526086293567,0.402531119117,0.297819528073,0.129815910829,0.116712918189,0.289478464273,0.289478464273,0.289478464273,0.289478464273,1.78558670489
272,0.421044062515,1.43283702579,0.374907886413,0.536185424912,0.49527257803,1.35913834616,0.526086293567,0.402531119117,0.297819528073,0.129815920829,0.116712918189,0.289478464273,0.289478464273,0.289478464273,0.289478464273,1.78558670489
273,0.421044062515,1.43283702579,0.374907886413,0.536185424912,0.49527257803,1.35913834616,0.526086293567,0.402531119117,0.297819528073,0.129815920829,0.116712918189,0.289478464273,0.289478464273,0.289478464273,0.289478464273,1.78558670489
274,0.421015403083,1.43280043554,0.375450308629,0.534314491012,0.495637291921,1.35195839865,0.526095816164,0.401713252019,0.300060775295,0.129816737912,0.116712918189,0.289476815884,0.289476815884,0.289476815884,0.289476815884,1.7860048467
275,0.421015403083,1.43280043554,0.375450308629,0.534314491012,0.495637291921,1.35195839865,0.526095816164,0.401713252019,0.300060775295,0.129816737912,0.116712918189,0.289476815884,0.289476815884,0.289476815884,0.289476815884,1.7860048467
276,0.421015402527,1.43328351247,0.374704123705,0.534720623451,0.495679751248,1.35797113032,0.526186158043,0.402821922888,0.297760701366,0.129816737912,0.116712918189,0.289476815884,0.289476815884,0.289476815884,0.289476815884,1.7860048467
277,0.421015402527,1.43328351247,0.374704123705,0.534720623451,0.495679751248,1.35797113032,0.526186158043,0.402821922888,0.297760701366,0.129816737912,0.116712918189,0.289476815884,0.289476815884,0.289476815884,0.289476815884,1.7860048467
278,0.421015401603,1.43328350247,0.374704123705,0.534720633451,0.495679751248,1.35797113032,0.526186158043,0.402821922888,0.297760701366,0.129816737912,0.116712918189,0.289476815884,0.289476815884,0.289476815884,0.289476815884,1.7860048467
279,0.421015401603,1.43328350247,0.374704123705,0.534720633451,0.495679751248,1.35797113032,0.526186158043,0.402821922888,0.297760701366,0.129816737912,0.116712918189,0.289476815884,0.289476815884,0.289476815884,0.289476815884,1.7860048467
280,0.421015394534,1.43328350247,0.374704123705,0.534720623451,0.495679751248,1.35797113032,0.526186158043,0.402821922888,0.297760701366,0.129816747912,0.116712918189,0.289476815884,0.289476815884,0.289476815884,0.289476815884,1.7860048467
281,0.421015394534,1.43328350247,0.374704123705,0.534720623451,0.495679751248,1.35797113032,0.526186158043,0.402821922888,0.297760701366,0.129816747912,0.116712918189,0.289476815884,0.289476815884,0.289476815884,0.289476815884,1.7860048467
282,0.420874675646,1.43280043554,0.375450308629,0.534314491012,0.495637291921,1.35195839865,0.526095816164,0.401713252019,0.300060775295,0.129817403233,0.116712918189,0.289475595552,0.289475595552,0.289475595552,0.289475595552,1.78634549951
283,0.420874675646,1.43280043554,0.375450308629,0.534314491012,0.495637291921,1.35195839865,0.526095816164,0.401713252019,0.300060775295,0.129817403233,0.116712918189,0.289475595552,0.289475595552,0.289475595552,0.289475595552,1.78634549951
284,0.420874675363,1.43360159981,0.374917466301,0.534314113693,0.495154105498,1.35664736649,0.526074637054,0.402178729616,0.298373396039,0.129817403233,0.116712918189,0.289475595552,0.289475595552,0.289475595552,0.289475595552,1.78634549951
285,0.420874675363,1.43360159981,0.374917466301,0.534314113693,0.495154105498,1.35664736649,0.526074637054,0.402178729616,0.298373396039,0.129817403233,0.116712918189,0.289475595552,0.289475595552,0.289475595552,0.289475595552,1.78634549951
286,0.420874674629,1.43360158981,0.374917466301,0.534314123693,0.495154105498,1.35664736649,0.526074637054,0.402178729616,0.298373396039,0.129817403233,0.116712918189,0.289475595552,0.289475595552,0.289475595552,0.289475595552,1.78634549951
287,0.420874674629,1.43360158981,0.374917466301,0.534314123693,0.495154105498,1.35664736649,0.526074637054,0.402178729616,0.298373396039,0.129817403233,0.116712918189,0.289475595552,0.289475595552,0.289475595552,0.289475595552,1.78634549951
288,0.420874666069,1.43360158981,0.374917466301,0.534314113693,0.495154105498,1.35664736649,0.526074637054,0.402178729616,0.298373396039,0.129817413233,0.116712918189,0.289475595552,0.289475595552,0.289475595552,0.289475595552,1.78634549951
289,0.420874666069,1.43360158981,0.374917466301,0.534314113693,0.495154105498,1.35664736649,0.526074637054,0.402178729616,0.298373396039,0.129817413233,0.116712918189,0.289475595552,0.289475595552,0.289475595552,0.289475595552,1.78634549951
290,0.420874136055,1.43280043554,0.375450308629,0.534314491012,0.495637291921,1.35195839865,0.526095816164,0.401713252019,0.300060775295,0.129817413135,0.116712918189,0.289473347975,0.289473347975,0.289473347975,0.289473347975,1.78634623997
291,0.420874136055,1.43280043554,0.375450308629,0.534314491012,0.495637291921,1.35195839865,0.526095816164,0.401713252019,0.300060775295,0.129817413135,0.116712918189,0.289473347975,0.289473347975,0.289473347975,0.289473347975,1.78634623997
292,0.420874135693,1.4336052005,0.374978477956,0.534290561445,0.495132676843,1.35657922026,0.526051531622,0.402162342886,0.298438558572,0.129817413135,0.116712918189,0.289473347975,0.289473347975,0.289473347975,0.289473347975,1.78634623997
293,0.420874135693,1.4336052005,0.374978477956,0.534290561445,0.495132676843,1.35657922026,0.526051531622,0.402162342886,0.298438558572,0.129817413135,0.116712918189,0.289473347975,0.289473347975,0.289473347975,0.289473347975,1.78634623997
294,0.420874134902,1.4336051905,0.374978477956,0.534290571445,0.495132676843,1.35657922026,0.526051531622,0.402162342886,0.298438558572,0.129817413135,0.116712918189,0.289473347975,0.289473347975,0.289473347975,0.289473347975,1.78634623997
295,0.420874134902,1.4336051905,0.374978477956,0.534290571445,0.495132676843,1.35657922026,0.526051531622,0.402162342886,0.298438558572,0.129817413135,0.116712918189,0.289473347975,0.289473347975,0.289473347975,0.289473347975,1.78634623997
296,0.420873807145,1.4336051905,0.374978477956,0.534290561445,0.495132676843,1.35657922026,0.526051531622,0.402162342886,0.298438558572,0.129817423135,0.116712918189,0.289473347975,0.289473347975,0.289473347975,0.289473347975,1.78634623997
297,0.420873807145,1.4336051905,0.374978477956,0.534290561445,0.495132676843,1.35657922026,0.526051531622,0.402162342886,0.298438558572,0.129817423135,0.116712918189,0.289473347975,0.289473347975,0.289473347975,0.289473347975,1.78634623997
298,0.420803426113,1.43280043554,0.375450308629,0.534314491012,0.495637291921,1.35195839865,0.526095816164,0.401713252019,0.300060775295,0.129817902952,0.116712918189,0.28948249922,0.28948249922,0.28948249922,0.28948249922,1.78638286831
299,0.420803426113,1.43280043554,0.375450308629,0.534314491012,0.495637291921,1.35195839865,0.526095816164,0.401713252019,0.300060775295,0.129817902952,0.116712918189,0.28948249922,0.28948249922,0.28948249922,0.28948249922,1.78638286831
300,0.420803426076,1.43378331493,0.374797549039,0.533125509297,0.494994917624,1.35374613392,0.526045978614,0.401623854994,0.298737267533,0.129817902952,0.116712918189,0.28948249922,0.28948249922,0.28948249922,0.28948249922,1.78638286831
301,0.420803426076,1.43378331493,0.374797549039,0.533125509297,0.494994917624,1.35374613392,0.526045978614,0.401623854994,0.298737267533,0.129817902952,0.116712918189,0.28948249922,0.28948249922,0.28948249922,0.28948249922,1.78638286831
302,0.420803425534,1.43378330493,0.374797559039,0.533125509297,0.494994917624,1.35374613392,0.526045978614,0.401623854994,0.298737267533,0.129817902952,0.116712918189,0.28948249922,0.28948249922,0.28948249922,0.28948249922,1.78638286831
303,0.420803425534,1.43378330493,0.374797559039,0.533125509297,0.494994917624,1.35374613392,0.526045978614,0.401623854994,0.298737267533,0.129817902952,0.116712918189,0.28948249922,0.28948249922,0.28948249922,0.28948249922,1.78638286831
304,0.420803424968,1.43378330493,0.374797549039,0.533125519297,0.494994917624,1.35374613392,0.526045978614,0.401623854994,0.298737267533,0.129817902952,0.116712918189,0.28948249922,0.28948249922,0.28948249922,0.28948249922,1.78638286831
305,0.420803424968,1.43378330493,0.374797549039,0.533125519297,0.494994917624,1.35374613392,0.526045978614,0.401623854994,0.298737267533,0.129817902952,0.116712918189,0.28948249922,0.28948249922,0.28948249922,0.28948249922,1.78638286831
306,0.420803417835,1.43378330493,0.374797549039,0.533125509297,0.494994917624,1.35374613392,0.526045978614,0.401623854994,0.298737267533,0.129817912952,0.116712918189,0.28948249922,0.28948249922,0.28948249922,0.28948249922,1.78638286831
307,0.420803417835,1.43378330493,0.374797549039,0.533125509297,0.494994917624,1.35374613392,0.526045978614,0.401623854994,0.298737267533,0.129817912952,0.116712918189,0.28948249922,0.28948249922,0.28948249922,0.28948249922,1.78638286831
308,0.420797002543,1.43280043554,0.375450308629,0.534314491012,0.495637291921,1.35195839865,0.526095816164,0.401713252019,0.300060775295,0.129816750307,0.116712918189,0.289482699996,0.289482699996,0.289482699996,0.289482699996,1.78625676681
309,0.420797002543,1.43280043554,0.375450308629,0.534314491012,0.495637291921,1.35195839865,0.526095816164,0.401713252019,0.300060775295,0.129816750307,0.116712918189,0.289482699996,0.289482699996,0.289482699996,0.289482699996,1.78625676681
310,0.420797002521,1.43365075884,0.374799801344,0.533263061965,0.494996414107,1.35370022293,0.526047815378,0.401614844385,0.298743700745,0.129816750307,0.116712918189,0.289482699996,0.289482699996,0.289482699996,0.289482699996,1.78625676681
311,0.420797002521,1.43365075884,0.374799801344,0.533263061965,0.494996414107,1.35370022293,0.526047815378,0.401614844385,0.298743700745,0.129816750307,0.116712918189,0.289482699996,0.289482699996,0.289482699996,0.289482699996,1.78625676681
312,0.42079700182,1.43365074884,0.374799811344,0.533263061965,0.494996414107,1.35370022293,0.526047815378,0.401614844385,0.298743700745,0.129816750307,0.116712918189,0.289482699996,0.289482699996,0.289482699996,0.289482699996,1.78625676681
313,0.42079700182,1.43365074884,0.374799811344,0.533263061965,0.494996414107,1.35370022293,0.526047815378,0.401614844385,0.298743700745,0.129816750307,0.116712918189,0.289482699996,0.289482699996,0.289482699996,0.289482699996,1.78625676681
314,0.420797001534,1.43365074884,0.374799801344,0.533263071965,0.494996414107,1.35370022293,0.526047815378,0.401614844385,0.298743700745,0.129816750307,0.116712918189,0.289482699996,0.289482699996,0.289482699996,0.289482699996,1.78625676681
315,0.420797001534,1.43365074884,0.374799801344,0.533263071965,0.494996414107,1.35370022293,0.526047815378,0.401614844385,0.298743700745,0.129816750307,0.116712918189,0.289482699996,0.289482699996,0.289482699996,0.289482699996,1.78625676681
316,0.420796994363,1.43365074884,0.374799801344,0.533263061965,0.494996414107,1.35370022293,0.526047815378,0.401614844385,0.298743700745,0.129816760307,0.116712918189,0.289482699996,0.289482699996,0.289482699996,0.289482699996,1.78625676681
317,0.420796994363,1.43365074884,0.374799801344,0.533263061965,0.494996414107,1.35370022293,0.526047815378,0.401614844385,0.298743700745,0.129816760307,0.116712918189,0.289482699996,0.289482699996,0.289482699996,0.289482699996,1.78625676681
318,0.420788817267,1.43280043554,0.375450308629,0.534314491012,0.495637291921,1.35195839865,0.526095816164,0.401713252019,0.300060775295,0.129812090507,0.116712918189,0.289482538736,0.289482538736,0.289482538736,0.289482538736,1.78575405108
319,0.420788817267,1.43280043554,0.375450308629,0.534314491012,0.495637291921,1.35195839865,0.526095816164,0.401713252019,0.300060775295,0.129812090507,0.116712918189,0.289482538736,0.289482538736,0.289482538736,0.289482538736,1.78575405108
320,0.420788816034,1.43312073295,0.37483607766,0.533819234086,0.494984779361,1.35349365746,0.52604673434,0.401563595699,0.298803806865,0.129812090507,0.116712918189,0.289482538736,0.289482538736,0.289482538736,0.289482538736,1.78575405108
321,0.420788816034,1.43312073295,0.37483607766,0.533819234086,0.494984779361,1.35349365746,0.52604673434,0.401563595699,0.298803806865,0.129812090507,0.116712918189,0.289482538736,0.289482538736,0.289482538736,0.289482538736,1.78575405108
322,0.420788809659,1.43312073295,0.37483606766,0.533819234086,0.494984779361,1.35349365746,0.52604673434,0.401563595699,0.298803806865,0.129812100507,0.116712918189,0.289482538736,0.289482538736,0.289482538736,0.289482538736,1.78575405108
323,0.420788809659,1.43312073295,0.37483606766,0.533819234086,0.494984779361,1.35349365746,0.52604673434,0.401563595699,0.298803806865,0.129812100507,0.116712918189,0.289482538736,0.289482538736,0.289482538736,0.289482538736,1.78575405108
324,0.420785696883,1.43280043554,0.375450308629,0.534314491012,0.495637291921,1.35195839865,0.526095816164,0.401713252019,0.300060775295,0.129810217992,0.116712918189,0.28948199633,0.28948199633,0.28948199633,0.28948199633,1.78562906457
325,0.420785696883,1.43280043554,0.375450308629,0.534314491012,0.495637291921,1.35195839865,0.526095816164,0.401713252019,0.300060775295,0.129810217992,0.116712918189,0.28948199633,0.28948199633,0.28948199633,0.28948199633,1.78562906457
326,0.420785695079,1.43301146659,0.374984677324,0.533660055185,0.494688235957,1.35211318467,0.5259545891,0.401113619628,0.299229087658,0.129810217992,0.116712918189,0.28948199633,0.28948199633,0.28948199633,0.28948199633,1.78562906457
327,0.420785695079,1.43301146659,0.374984677324,0.533660055185,0.494688235957,1.35211318467,0.5259545891,0.401113619628,0.299229087658,0.129810217992,0.116712918189,0.28948199633,0.28948199633,0.28948199633,0.28948199633,1.78562906457
328,0.420785690343,1.43301146659,0.374984667324,0.533660055185,0.494688235957,1.35211318467,0.5259545891,0.401113619628,0.299229087658,0.129810227992,0.116712918189,0.28948199633,0.28948199633,0.28948199633,0.28948199633,1.78562906457
329,0.420785690343,1.43301146659,0.374984667324,0.533660055185,0.494688235957,1.35211318467,0.5259545891,0.401113619628,0.299229087658,0.129810227992,0.116712918189,0.28948199633,0.28948199633,0.28948199633,0.28948199633,1.78562906457
330,0.420769841474,1.43280043554,0.375450308629,0.534314491012,0.495637291921,1.35195839865,0.526095816164,0.401713252019,0.300060775295,0.129814921331,0.116712918189,0.289482091138,0.289482091138,0.289482091138,0.289482091138,1.78618323344
331,0.420769841474,1.43280043554,0.375450308629,0.534314491012,0.495637291921,1.35195839865,0.526095816164,0.401713252019,0.300060775295,0.129814921331,0.116712918189,0.289482091138,0.289482091138,0.289482091138,0.289482091138,1.78618323344
332,0.420769840013,1.43359015215,0.375027187942,0.533015925739,0.494538659564,1.35190656229,0.525904876492,0.400967992012,0.299347973947,0.129814921331,0.116712918189,0.289482091138,0.289482091138,0.289482091138,0.289482091138,1.78618323344
333,0.420769840013,1.43359015215,0.375027187942,0.533015925739,0.494538659564,1.35190656229,0.525904876492,0.400967992012,0.299347973947,0.129814921331,0.116712918189,0.289482091138,0.289482091138,0.289482091138,0.289482091138,1.78618323344
334,0.420769834508,1.43359015215,0.375027177942,0.533015925739,0.494538659564,1.35190656229,0.525904876492,0.400967992012,0.299347973947,0.129814931331,0.116712918189,0.289482091138,0.289482091138,0.289482091138,0.289482091138,1.78618323344
335,0.420769834508,1.43359015215,0.375027177942,0.533015925739,0.494538659564,1.35190656229,0.525904876492,0.400967992012,0.299347973947,0.129814931331,0.116712918189,0.289482091138,0.289482091138,0.289482091138,0.289482091138,1.78618323344
336,0.420753349566,1.43280043554,0.375450308629,0.534314491012,0.495637291921,1.35195839865,0.526095816164,0.401713252019,0.300060775295,0.129809793459,0.116712918189,0.289482157389,0.289482157389,0.289482157389,0.289482157389,1.78618725832
337,0.420753349566,1.43280043554,0.375450308629,0.534314491012,0.495637291921,1.35195839865,0.526095816164,0.401713252019,0.300060775295,0.129809793459,0.116712918189,0.289482157389,0.289482157389,0.289482157389,0.289482157389,1.78618725832
338,0.420753349417,1.43347420042,0.375354886875,0.533274700478,0.494423728927,1.35194970248,0.525780808755,0.400880318872,0.299697728525,0.129809793459,0.116712918189,0.289482157389,0.289482157389,0.289482157389,0.289482157389,1.78618725832
339,0.420753349417,1.43347420042,0.375354886875,0.533274700478,0.494423728927,1.35194970248,0.525780808755,0.400880318872,0.299697728525,0.129809793459,0.116712918189,0.289482157389,0.289482157389,0.289482157389,0.289482157389,1.78618725832
340,0.420753349054,1.43347419042,0.375354896875,0.533274700478,0.494423728927,1.35194970248,0.525780808755,0.400880318872,0.299697728525,0.129809793459,0.116712918189,0.289482157389,0.289482157389,0.289482157389,0.289482157389,1.78618725832
341,0.420753349054,1.43347419042,0.375354896875,0.533274700478,0.494423728927,1.35194970248,0.525780808755,0.400880318872,0.299697728525,0.129809793459,0.116712918189,0.289482157389,0.289482157389,0.289482157389,0.289482157389,1.78618725832
342,0.420753348727,1.43347419042,0.375354886875,0.533274710478,0.494423728927,1.35194970248,0.525780808755,0.400880318872,0.299697728525,0.129809793459,0.116712918189,0.289482157389,0.289482157389,0.289482157389,0.289482157389,1.78618725832
343,0.420753348727,1.43347419042,0.375354886875,0.533274710478,0.494423728927,1.35194970248,0.525780808755,0.400880318872,0.299697728525,0.129809793459,0.116712918189,0.289482157389,0.289482157389,0.289482157389,0.289482157389,1.78618725832
344,0.420753348464,1.43347419042,0.375354886875,0.533274700478,0.494423738927,1.35194970248,0.525780808755,0.400880318872,0.299697728525,0.129809793459,0.116712918189,0.289482157389,0.289482157389,0.289482157389,0.289482157389,1.78618725832
345,0.420753348464,1.43347419042,0.375354886875,0.533274700478,0.494423738927,1.35194970248,0.525780808755,0.400880318872,0.299697728525,0.129809793459,0.116712918189,0.289482157389,0.289482157389,0.289482157389,0.289482157389,1.78618725832
346,0.420753344469,1.43347419042,0.375354886875,0.533274700478,0.494423728927,1.35194970248,0.525780808755,0.400880318872,0.299697728525,0.129809803459,0.116712918189,0.289482157389,0.289482157389,0.289482157389,0.289482157389,1.78618725832
347,0.420753344469,1.43347419042,0.375354886875,0.533274700478,0.494423728927,1.35194970248,0.525780808755,0.400880318872,0.299697728525,0.129809803459,0.116712918189,0.289482157389,0.289482157389,0.289482157389,0.289482157389,1.78618725832
348,0.420733321152,1.43280043554,0.375450308629,0.534314491012,0.495637291921,1.35195839865,0.526095816164,0.401713252019,0.300060775295,0.129773038135,0.116712918189,0.289482274426,0.289482274426,0.289482274426,0.289482274426,1.78536272192
349,0.420733321152,1.43280043554,0.375450308629,0.534314491012,0.495637291921,1.35195839865,0.526095816164,0.401713252019,0.300060775295,0.129773038135,0.116712918189,0.289482274426,0.289482274426,0.289482274426,0.289482274426,1.78536272192
350,0.42073332087,1.43221671441,0.375304794789,0.534151968808,0.495625509655,1.3517573262,0.526269040639,0.401945594398,0.300248176575,0.129773038135,0.116712918189,0.289482274426,0.289482274426,0.289482274426,0.289482274426,1.78536272192
351,0.42073332087,1.43221671441,0.375304794789,0.534151968808,0.495625509655,1.3517573262,0.526269040639,0.401945594398,0.300248176575,0.129773038135,0.116712918189,0.289482274426,0.289482274426,0.289482274426,0.289482274426,1.78536272192
352,0.420733320313,1.43221670441,0.375304794789,0.534151978808,0.495625509655,1.3517573262,0.526269040639,0.401945594398,0.300248176575,0.129773038135,0.116712918189,0.289482274426,0.289482274426,0.289482274426,0.289482274426,1.78536272192
353,0.420733320313,1.43221670441,0.375304794789,0.534151978808,0.495625509655,1.3517573262,0.526269040639,0.401945594398,0.300248176575,0.129773038135,0.116712918189,0.289482274426,0.289482274426,0.289482274426,0.289482274426,1.78536272192
354,0.420733315002,1.43221670441,0.375304794789,0.534151968808,0.495625509655,1.3517573262,0.526269040639,0.401945594398,0.300248176575,0.129773048135,0.116712918189,0.289482274426,0.289482274426,0.289482274426,0.289482274426,1.78536272192
355,0.420733315002,1.43221670441,0.375304794789,0.534151968808,0.495625509655,1.3517573262,0.526269040639,0.401945594398,0.300248176575,0.129773048135,0.116712918189,0.289482274426,0.289482274426,0.289482274426,0.289482274426,1.78536272192
356,0.420723113828,1.43280043554,0.375450308629,0.534314491012,0.495637291921,1.35195839865,0.526095816164,0.401713252019,0.300060775295,0.129766430763,0.116712918189,0.289482425989,0.289482425989,0.289482425989,0.289482425989,1.78525192229
357,0.420723113828,1.43280043554,0.375450308629,0.534314491012,0.495637291921,1.35195839865,0.526095816164,0.401713252019,0.300060775295,0.129766430763,0.116712918189,0.289482425989,0.289482425989,0.289482425989,0.289482425989,1.78525192229
358,0.420723113782,1.43280044554,0.375450308629,0.534314491012,0.495637291921,1.35195839865,0.526095816164,0.401713252019,0.300060775295,0.129766430763,0.116712918189,0.289482425989,0.289482425989,0.289482425989,0.289482425989,1.78525192229
359,0.420723113782,1.43280044554,0.375450308629,0.534314491012,0.495637291921,1.35195839865,0.526095816164,0.401713252019,0.300060775295,0.129766430763,0.116712918189,0.289482425989,0.289482425989,0.289482425989,0.289482425989,1.78525192229
360,0.420723113479,1.43280043554,0.375450318629,0.534314491012,0.495637291921,1.35195839865,0.526095816164,0.401713252019,0.300060775295,0.129766430763,0.116712918189,0.289482425989,0.289482425989,0.289482425989,0.289482425989,1.78525192229
361,0.420723113479,1.43280043554,0.375450318629,0.534314491012,0.495637291921,1.35195839865,0.526095816164,0.401713252019,0.300060775295,0.129766430763,0.116712918189,0.289482425989,0.289482425989,0.289482425989,0.289482425989,1.78525192229
362,0.420723113327,1.43280043554,0.375450308629,0.534314501012,0.495637291921,1.35195839865,0.526095816164,0.401713252019,0.300060775295,0.129766430763,0.116712918189,0.289482425989,0.289482425989,0.289482425989,0.289482425989,1.78525192229
363,0.420723113327,1.43280043554,0.375450308629,0.534314501012,0.495637291921,1.35195839865,0.526095816164,0.401713252019,0.300060775295,0.129766430763,0.116712918189,0.289482425989,0.289482425989,0.289482425989,0.289482425989,1.78525192229
364,0.420723113183,1.43280043554,0.375450308629,0.534314491012,0.495637301921,1.35195839865,0.526095816164,0.401713252019,0.300060775295,0.129766430763,0.116712918189,0.289482425989,0.289482425989,0.289482425989,0.289482425989,1.78525192229
365,0.420723113183,1.43280043554,0.375450308629,0.534314491012,0.495637301921,1.35195839865,0.526095816164,0.401713252019,0.300060775295,0.129766430763,0.116712918189,0.289482425989,0.289482425989,0.289482425989,0.289482425989,1.78525192229
366,0.420723113022,1.43280043554,0.375450308629,0.534314491012,0.495637291921,1.35195839865,0.526095816164,0.401713252019,0.300060775295,0.129766430763,0.116712918189,0.289482425989,0.289482425989,0.289482425989,0.289482425989,1.78525193229
367,0.420723113022,1.43280043554,0.375450308629,0.534314491012,0.495637291921,1.35195839865,0.526095816164,0.401713252019,0.300060775295,0.129766430763,0.116712918189,0.289482425989,0.289482425989,0.289482425989,0.289482425989,1.78525193229
