,a,a,a,a,k,k,k,k,b,u,n,dr,dr,dr,dr,dr,ss,ss,ss,ss,ss,ss_0,ss_0,ss_0,ss_0,ss_0,ttss,ttss,ttss,ttss,ttss
,0,1,2,3,0,1,2,3,0,0,0,1,2,3,4,5,1,2,3,4,5,1,2,3,4,5,1,2,3,4,5
,,,,,,,,,,,,,,,,,,,,,,,,,,,,,,,
0,1.39435960656,0.50152281363,0.54559362064,0.55559968027,0.86375044346,0.51979858128,0.52088566161,0.57757300177,0.11932893478,0.47004356967,1.63042649843,1.92724985169,0.924441217963,0.783699701599,0.639017379981,0.599630442653,3.93977069087,1.39053551554,7.68964088173,1.95638404515,6.88300273941,0.0467235989828,11.6847224116,1.26530170708,8.51778629779,1.72957383393,5.953,9.903,27.241,26.634,44.542
1,1.40540681375,0.49570280342,0.53925985532,0.54906219876,0.91237418794,0.54906378804,0.55021729529,0.60997657848,0.12027471326,0.46458994967,1.63045769585,1.92307370463,0.924650238717,0.784043039295,0.640125700581,0.601053336276,3.85744248538,1.38984628303,7.69535974514,1.95075895746,6.9027286265,0.0461796102216,11.6846844992,1.26527765053,8.51781229806,1.72966979409,5.879,9.787,26.932,26.321,44.147
2,1.40394261471,0.49354743595,0.536913204,0.54670094975,0.8935264383,0.5377171545,0.53882807907,0.59740447374,0.12014931182,0.46257069178,1.63045397213,1.92432963777,0.924451784451,0.783723506709,0.63909454428,0.59975735093,3.8622341064,1.39049807786,7.6898920451,1.95604046862,6.8852721037,0.0459796226219,11.6846918854,1.26527356714,8.51778874814,1.72963122208,5.911,9.842,27.062,26.459,44.257
3,1.40490327225,0.49067644919,0.53379139417,0.54350572707,0.90215265656,0.54289767294,0.54401492229,0.6031346446,0.12023138649,0.45988165372,1.63046276213,1.92390662347,0.924461777117,0.783739208276,0.639160258571,0.599857447665,3.83500770771,1.39046775609,7.69014280573,1.95574026299,6.8869401218,0.0457121602333,11.6847059297,1.26526915568,8.51777971218,1.72965824218,5.908,9.829,27.028,26.423,44.21
4,1.41420718403,0.49713711375,0.54081899391,0.55071679753,0.90799981676,0.54644230622,0.54754953628,0.60711894161,0.12102760779,0.4659375527,1.63044598877,1.92033204333,0.924658465525,0.784059804935,0.640196862814,0.601244551239,3.84901080147,1.38982210675,7.69565631993,1.95042862677,6.90547024573,0.0463121962561,11.6847024881,1.2652775354,8.51776001006,1.72959258078,5.843,9.717,26.763,26.162,43.877
5,1.39876854492,0.47787362237,0.5198882465,0.52945027676,0.9255181991,0.5569049403,0.55807425008,0.61888928191,0.11970615,0.44790525332,1.63046088084,1.92685658339,0.924255859636,0.78335686041,0.637960911145,0.598318467005,3.74610484746,1.39114523039,7.6840390221,1.96177614654,6.86539048976,0.0445214449442,11.6847280601,1.26534332663,8.51772774151,1.72954727741,5.966,9.931,27.277,26.675,44.506
6,1.38484011956,0.49597592298,0.53955430299,0.5494464489,0.8757631539,0.52701346376,0.52809774962,0.58561154052,0.1185141845,0.46484462306,1.63043895534,1.93355284691,0.923632891133,0.782404823938,0.634846781126,0.594279055844,3.9419051377,1.39318632886,7.66749965986,1.97772854291,6.81109111638,0.0462068006406,11.6847284177,1.26528977016,8.51775193153,1.72956649495,6.1,10.159,27.857,27.236,45.137
7,1.3973713267,0.47113578542,0.51252651848,0.5218704541,0.94606729504,0.56934891658,0.57051308164,0.63254133397,0.11958680259,0.44155978994,1.63044598983,1.92637621083,0.924445650321,0.783715764984,0.639035657344,0.599636034902,3.69643906272,1.39051973789,7.68967802128,1.95630114952,6.88333981646,0.043891800044,11.6847090116,1.26526099943,8.5177796056,1.72963392063,5.942,9.884,27.196,26.583,44.462
8,1.40681585556,0.48643870639,0.52918755598,0.53883613604,0.9125916715,0.54918683838,0.55034133446,0.61019417805,0.12039507217,0.45591187103,1.63045192595,1.92338693216,0.924457465149,0.783731438261,0.639161522055,0.599874829059,3.79720250994,1.39048120808,7.6901385921,1.95573842594,6.88708204004,0.0453171349667,11.6847030648,1.26529111306,8.51779775237,1.72962499411,5.904,9.815,27.001,26.397,44.163
9,1.42002595918,0.49201978391,0.53524251016,0.54506988147,0.9144318384,0.55033600432,0.55145545859,0.61148395374,0.12152539713,0.46112536751,1.63040859071,1.91843765877,0.924651718575,0.784081299264,0.640294624419,0.601441175711,3.80072178869,1.3898453565,7.69602921348,1.9499913906,6.90841698116,0.0458333760466,11.6847166417,1.26527631428,8.5177815381,1.72955560235,5.813,9.676,26.631,26.04,43.685
10,1.39464104121,0.48525792356,0.5278884906,0.53752394191,0.90824209584,0.54657521401,0.54769388012,0.60717728143,0.1193532266,0.45479049661,1.63044166122,1.92800182234,0.924243631079,0.78339904113,0.638022794337,0.598337746945,3.81913120028,1.39118108091,7.68426705734,1.96151048476,6.86598220155,0.0452070798872,11.6847008402,1.26525812602,8.51780942018,1.72963465499,5.984,9.954,27.347,26.736,44.61
11,1.39543818688,0.49774813905,0.54147457678,0.55139992409,0.86432134275,0.52017631126,0.52122308219,0.57794270357,0.11942127883,0.46649602684,1.63042073611,1.92758475544,0.924242130633,0.783409806889,0.638077168839,0.598469959714,3.91627868273,1.39118782485,7.68450854495,1.96125825701,6.86780496345,0.0463707598905,11.6847172358,1.26526651119,8.51778085765,1.72956945143,5.967,9.936,27.311,26.705,44.556
12,1.39894402394,0.48538572847,0.5280297205,0.53774680948,0.91362111198,0.54983545502,0.55095212454,0.6109512047,0.11972123118,0.4549089156,1.63040423312,1.92576146805,0.924438236675,0.78371906289,0.639082144417,0.599773976361,3.81452630748,1.39054526955,7.68989254197,1.95609186037,6.88507878851,0.0452193311582,11.6847241755,1.26528669533,8.51778281176,1.72952425755,5.933,9.869,27.145,26.538,44.394
13,1.410950252,0.48486363723,0.52746022268,0.53714745875,0.92470722185,0.55651206934,0.55762251796,0.61834079664,0.12074868515,0.45442346831,1.63042025512,1.92134557826,0.924647905641,0.784053449347,0.640156302552,0.601188578481,3.76364649646,1.38985821403,7.69551616106,1.95061107811,6.90441837231,0.0451684017066,11.6847220506,1.26527300146,8.51776118334,1.72955158919,5.86,9.741,26.824,26.221,43.977
14,1.41156334202,0.46593194463,0.50688047664,0.51610391889,0.97310122841,0.58556553855,0.58676975126,0.6505315638,0.12080149716,0.43670310517,1.63048751262,1.92116678251,0.924672746863,0.784057869354,0.640193114206,0.601188775442,3.62318568524,1.38977478232,7.69565616857,1.95044393587,6.90486471304,0.0434074355025,11.6846889626,1.26528323966,8.51776454578,1.72966884108,5.853,9.74,26.81,26.208,43.959
15,1.40173133317,0.47980485211,0.52196125465,0.53157050742,0.93101756964,0.5603197479,0.56145091045,0.62264593471,0.11995972749,0.44968903953,1.63041909638,1.92576523382,0.924242800816,0.783402844447,0.638086374391,0.598534829334,3.75912096701,1.3911865889,7.68455879794,1.9612090514,6.86863963309,0.0446987851106,11.6847248504,1.26529504343,8.51774209433,1.72951719008,5.947,9.897,27.202,26.592,44.39
16,1.40412201464,0.48614559359,0.52886875137,0.53865493134,0.89417676973,0.5381267427,0.53923453901,0.5980690751,0.12016424772,0.45563859334,1.63041173391,1.92496274643,0.924247041405,0.783399224708,0.638121513757,0.598629150422,3.79973173567,1.39117356572,7.68469808615,1.96104794256,6.86994041998,0.0452896061945,11.6847295519,1.26532849329,8.51772935607,1.72946851801,5.939,9.881,27.15,26.543,44.311
17,1.4024571312,0.48639333746,0.52912534278,0.53880544921,0.89807053383,0.54048237956,0.54161526895,0.6005279447,0.12002201172,0.45585158852,1.63041377474,1.92406034081,0.924632258021,0.784029801367,0.64007333296,0.600991776387,3.80585135235,1.38990696485,7.69517983998,1.95099432413,6.90142026802,0.0453123854461,11.6847109195,1.26528667247,8.51781620741,1.72958856626,5.892,9.807,26.997,26.395,44.249
18,1.3666411019,0.48055975508,0.52278772645,0.532426062,0.8848007503,0.53250336246,0.53360086464,0.59174300518,0.11695671848,0.45039691293,1.63040958615,1.93853993233,0.923800989483,0.782659601345,0.635591214726,0.595086631871,3.85753620739,1.39263383346,7.67193643009,1.97373590965,6.82046835244,0.0447738494757,11.6847389993,1.26531286546,8.51775997918,1.72951345522,6.165,10.257,28.13,27.499,45.654
19,1.38196218634,0.489012351,0.53197517205,0.54169524249,0.8732738224,0.52554212864,0.52664543833,0.5839003887,0.11826810895,0.45831075644,1.63043316456,1.93274864307,0.924024886078,0.783041595861,0.63686918167,0.596800134187,3.88837505657,1.39189838094,7.67831836621,1.96734757684,6.84475854939,0.0455590309316,11.6847130083,1.26528536988,8.51780462512,1.72961127046,6.059,10.096,27.696,27.082,45.074
20,1.41023019075,0.47255279117,0.51407342928,0.52345444878,0.95377738373,0.57396620958,0.57514307893,0.63769115384,0.12068723049,0.44289249878,1.63045430805,1.92234005899,0.924457150029,0.783737582748,0.639168967298,0.599909004316,3.67732479588,1.39048262698,7.69016346298,1.95570347268,6.88764121871,0.0440222125335,11.6847063231,1.26527719692,8.5177783301,1.72962211536,5.887,9.787,26.93,26.336,44.059
21,1.40613215971,0.49985890238,0.54378401139,0.55369428826,0.88498626784,0.53258368134,0.53368991729,0.59166489373,0.12033659614,0.46848640165,1.6304468559,1.92298419646,0.924642402094,0.784024466815,0.640056492333,0.600958734073,3.89149660849,1.38987341456,7.69508155632,1.95107398689,6.90120361145,0.0465668775822,11.6847014808,1.26528586111,8.51780805096,1.72965136147,5.881,9.788,26.935,26.328,44.146
22,1.39852176926,0.48973607401,0.5327652913,0.54250348159,0.89891545551,0.54096872751,0.54208573983,0.60107656258,0.11968516243,0.45899300979,1.63043221813,1.92535142408,0.924635040872,0.784010431758,0.639981402281,0.600835045305,3.83686244161,1.38989911307,7.69483048622,1.95140342009,6.89900473603,0.0456249478475,11.6847196218,1.26528552136,8.51778109496,1.7295969267,5.908,9.839,27.087,26.472,44.377
23,1.38130902567,0.47933034554,0.52145452779,0.5309587317,0.91378345471,0.54988013951,0.55103062248,0.61094160283,0.11821225753,0.44925100538,1.63046043458,1.93313989803,0.924029024754,0.783015076631,0.636769148391,0.596629380014,3.81144008147,1.3918846684,7.6779036881,1.96779623394,6.84221757648,0.0446581973096,11.6847087686,1.26529427832,8.51777752807,1.72963998192,6.071,10.106,27.731,27.116,45.123
24,1.41139737165,0.4905615545,0.53366470364,0.54342142553,0.91044802388,0.54791223782,0.54903691975,0.60874433748,0.1207870583,0.45976725788,1.63043189895,1.9219834836,0.924452910491,0.783739344661,0.639175954058,0.599932872176,3.81026732523,1.39049667213,7.69018210283,1.95567523917,6.88795725326,0.0456990157586,11.6847103445,1.2652751253,8.51779243678,1.72960614524,5.881,9.782,26.913,26.313,44.022
25,1.41500674573,0.4808355655,0.52309684803,0.53270249537,0.93632258711,0.56343724018,0.56462570908,0.62612398443,0.121095866,0.4506668968,1.63044552563,1.92028703503,0.92465444861,0.784025336587,0.640113928525,0.601131585079,3.72183626449,1.38983664172,7.69532039419,1.95080439151,6.90359245378,0.0447940857633,11.6847165263,1.2653225927,8.51775661501,1.7295608137,5.847,9.727,26.772,26.172,43.88
26,1.38481793612,0.47820760174,0.5202260232,0.52971537244,0.92654374883,0.55760176153,0.55879196647,0.61955668422,0.11851242732,0.44818560671,1.63042728616,1.93111319908,0.92422429829,0.783353182911,0.637872560198,0.598072957574,3.7876855044,1.39124530559,7.6836650048,1.96219213442,6.8617495432,0.0445521865387,11.6847204472,1.26529261324,8.51782057752,1.7296178426,6.025,10.025,27.546,26.93,44.923
27,1.39662569797,0.4859287952,0.52863366259,0.53832621878,0.92594244999,0.55720593068,0.55835582254,0.61913686583,0.11952286557,0.45543587389,1.63044325805,1.92744852969,0.924246542783,0.783376888503,0.637987689039,0.598331190822,3.8234275769,1.39117407558,7.6841341033,1.96166034198,6.86566544291,0.0452710878785,11.684720071,1.26530070248,8.5177600045,1.72957282593,5.974,9.936,27.315,26.708,44.563
28,1.40633587656,0.49435470315,0.53780833915,0.54766175758,0.896927087,0.5396991927,0.54082622377,0.59969789481,0.12035379138,0.46334428283,1.63046421613,1.92289725434,0.924663709685,0.784019453997,0.640065722456,0.601008703575,3.84439376958,1.3898078119,7.69517019893,1.95101495534,6.90175432409,0.0460554975975,11.6847233172,1.26531511434,8.51774059247,1.72959541007,5.883,9.782,26.926,26.324,44.136
29,1.38603634085,0.47423846183,0.51591042299,0.52540183528,0.93812855595,0.56457454242,0.56573127858,0.62734928827,0.11861651225,0.44447092074,1.63041792551,1.93035071287,0.924410455588,0.783625754911,0.638681159715,0.599078693816,3.75239272049,1.3906357539,7.68829634822,1.95790495938,6.87422036502,0.0441829305424,11.684736895,1.26529561097,8.51776834391,1.72953164171,6.001,9.985,27.472,26.85,44.878
30,1.41097487257,0.47986472025,0.52203187457,0.53160034109,0.93085039744,0.56015771486,0.56130525638,0.62241787397,0.12075092605,0.4497507022,1.63044911714,1.92133091887,0.924658359693,0.784048881427,0.64017217906,0.601202591444,3.72394637085,1.389823268,7.6955869656,1.95053510612,6.90473194084,0.0447038788017,11.6847095088,1.26529800939,8.51774880711,1.72957877859,5.855,9.741,26.82,26.221,43.975
31,1.39827360143,0.48097071718,0.52322992888,0.5328217119,0.92836828198,0.55871914576,0.5598754638,0.62082340391,0.11966379296,0.45077582474,1.63041634986,1.92621858404,0.924429055574,0.783689261742,0.638964784274,0.599563790247,3.76837578482,1.39057543432,7.68938139178,1.95662658635,6.88196384694,0.0448074318614,11.6847305297,1.26528926821,8.51778660956,1.72956318664,5.942,9.884,27.194,26.581,44.453
32,1.39146568237,0.48737078825,0.53019236371,0.53985011573,0.90848986916,0.54669676558,0.54783894678,0.60732909782,0.11908139192,0.4567754229,1.63045231305,1.92909176845,0.924242828447,0.783378713024,0.637948927143,0.598196382159,3.84316644433,1.39118485154,7.6839692773,1.96184477517,6.86386264471,0.0454047905504,11.6847109069,1.26526833154,8.51781246846,1.72966141872,5.996,9.986,27.418,26.808,44.73
33,1.4045021218,0.48633001114,0.52906472435,0.53869774202,0.92155048137,0.55455886343,0.55569909207,0.61608734045,0.12019716628,0.45581262133,1.63047353202,1.92328399353,0.924663840764,0.784050659858,0.640145163167,0.60109068115,3.79840478121,1.38980414688,7.69548044306,1.95065957555,6.90326072759,0.0453081899009,11.684696302,1.2652753568,8.51776765641,1.72965896633,5.88,9.788,26.946,26.337,44.164
34,1.38152218157,0.48490570894,0.52752452906,0.53721570601,0.89938088692,0.54122963034,0.5424079458,0.60148409287,0.11823027822,0.45447522622,1.63042549256,1.93219650936,0.92422229391,0.783327419657,0.637820189566,0.598010863353,3.84731759779,1.39125295319,7.68351253239,1.96241560616,6.86048698889,0.0451777935732,11.6847309185,1.26534265626,8.51777648945,1.72955203709,6.04,10.052,27.616,27.0,45.037
35,1.40452358414,0.49280505592,0.53610801196,0.54592898984,0.89230229361,0.53700986399,0.53812629877,0.59669959268,0.12019869147,0.46186885835,1.63041655821,1.92338255947,0.924636829881,0.784024362737,0.64006443095,0.601008688855,3.84557852364,1.38989415365,7.6951191947,1.95103521081,6.90165451816,0.0459098672238,11.684726099,1.26529237379,8.51779852787,1.72956821083,5.887,9.79,26.953,26.348,44.177
36,1.39974148726,0.50039467047,0.54435679282,0.55427005293,0.87988639921,0.52951720981,0.53059921203,0.58825044817,0.11978961693,0.46897974452,1.63044681911,1.92708460009,0.92405162134,0.783102488052,0.637114440005,0.597242773148,3.93082123539,1.39181216867,7.67922930754,1.96624235804,6.85190517347,0.0466164528778,11.6847076264,1.26525785621,8.5178038091,1.72964832785,5.979,9.956,27.33,26.731,44.502
37,1.39809216125,0.49719965506,0.54089538551,0.55089697642,0.87710243313,0.52784369983,0.52893429414,0.5866791822,0.11964811975,0.46599556949,1.63040108686,1.92618373876,0.924436161199,0.783685169305,0.638989535988,0.59966171884,3.90106929127,1.39055424984,7.68953193502,1.95650092258,6.88306238438,0.0463208006388,11.6847436605,1.26532603384,8.51773615252,1.7294559607,5.943,9.878,27.18,26.571,44.444
38,1.39349507159,0.49850355206,0.54230167196,0.55218492014,0.8709107277,0.52413306548,0.52520763341,0.58230000241,0.11925507418,0.467209108,1.63043842356,1.92851310863,0.924231972183,0.783372253822,0.637919713389,0.598176198942,3.92485747992,1.3912194018,7.68383369028,1.96197848999,6.86347614805,0.0464414843768,11.6847090988,1.26526470458,8.51780225644,1.72963338242,5.989,9.968,27.387,26.775,44.672
39,1.39992191782,0.498741997,0.54257587904,0.55250994657,0.8703932321,0.52379735507,0.52488710758,0.58204022001,0.11980500862,0.46744530193,1.63043564731,1.92489622674,0.92464195692,0.784007010867,0.639998860218,0.600878542085,3.89729943468,1.38987641767,7.69489651018,1.95132326743,6.89962520285,0.0464644340786,11.6847149315,1.26530636119,8.51777515956,1.72957998448,5.913,9.833,27.053,26.443,44.333
40,1.40640319578,0.49755956005,0.5412777486,0.55113285477,0.88349996665,0.53168153729,0.53277776142,0.59067666302,0.12035982329,0.46633099295,1.63045985055,1.92353965515,0.924453953732,0.783730152402,0.639128260336,0.599814078885,3.87782126513,1.39049179904,7.69000970416,1.95588892657,6.88625816742,0.0463523637384,11.6846975203,1.2652735498,8.51778853442,1.72965256997,5.909,9.822,27.012,26.408,44.179
41,1.4100153793,0.47292499432,0.51448919771,0.52385170136,0.96145766441,0.57859647085,0.57981454237,0.64277589868,0.12066892173,0.4432473533,1.63045483752,1.92172736936,0.924653808217,0.784042370363,0.640146685861,0.601099862551,3.67765414189,1.3898365189,7.69541681156,1.95066571281,6.90347678971,0.0440578984605,11.6846985824,1.26528899545,8.51781626101,1.72967071503,5.861,9.754,26.855,26.246,44.013
42,1.398583125,0.49683875302,0.54049821219,0.55038605423,0.87876245395,0.52883317174,0.52993493093,0.5875968519,0.11969047832,0.46565648216,1.63044088884,1.92594346102,0.924445497272,0.783706336656,0.639046806881,0.599685698905,3.89307559117,1.3905204344,7.6897204697,1.95625274652,6.88398309966,0.0462868088312,11.6847107103,1.26529538691,8.51777984428,1.72959384321,5.937,9.874,27.161,26.555,44.415
43,1.39949591726,0.48692887232,0.5297247472,0.53939335941,0.91511103499,0.55068574856,0.55185535789,0.61189552162,0.11976858871,0.45637527962,1.63045349607,1.92569941249,0.92444775124,0.783702113534,0.639062589208,0.599697489688,3.81570996807,1.39051344906,7.68978438144,1.9561814831,6.88425810892,0.0453642009326,11.6847126031,1.26531826226,8.51778668588,1.72962040553,5.933,9.873,27.149,26.542,44.394
44,1.38989969656,0.48191471264,0.52425105737,0.53382300419,0.91003865206,0.54769201142,0.54881571374,0.60847658722,0.11894733069,0.45165482854,1.63042344112,1.92969489148,0.924217660096,0.783353713175,0.637839189854,0.598043780875,3.80744490482,1.39126618757,7.68351222351,1.96234519976,6.86131903437,0.0448961984995,11.6847171796,1.2652657615,8.51780961853,1.72961177112,6.009,9.997,27.468,26.853,44.791
45,1.4120148395,0.49810680051,0.54187590339,0.55176734818,0.89435975218,0.53819445549,0.53930447311,0.59797382351,0.12083996187,0.46684956561,1.63046462697,1.92110066825,0.924662176465,0.784049782585,0.640164069143,0.601163765928,3.86540743525,1.38981061007,7.69553270341,1.95057288103,6.90428584483,0.0464033525681,11.6847057762,1.26528645464,8.51775345849,1.72962039349,5.856,9.741,26.816,26.216,43.958
46,1.41156252622,0.49735509229,0.54106760436,0.55092635107,0.88097257253,0.53014331871,0.53125975758,0.58901672883,0.12080132343,0.46614703156,1.6304605988,1.92191810299,0.924458722771,0.783730471767,0.639186159059,0.599933258599,3.86260401768,1.39047666732,7.69020086054,1.95562946467,6.88809469478,0.0463331454868,11.6846985599,1.26530405852,8.51779159571,1.72963872022,5.883,9.788,26.908,26.313,44.016
47,1.40501569045,0.47982252284,0.52198007942,0.53149809476,0.93891730416,0.56499756108,0.56615083268,0.62766558142,0.12024111105,0.44970601512,1.6304675004,1.92390391493,0.924461044994,0.783735443296,0.639138499353,0.599831717409,3.74988753874,1.39046890535,7.69006403115,1.95583796241,6.88649583316,0.0447006582595,11.6846957253,1.26526709244,8.51777021939,1.72964437204,5.908,9.827,27.026,26.43,44.212
48,1.37879959137,0.4883953384,0.53131057732,0.54107437543,0.8796285643,0.52936801079,0.53048019518,0.58827835445,0.11799730561,0.4577397856,1.63041919499,1.93445888017,0.923826989865,0.782717508095,0.635852448909,0.59554200258,3.89233645433,1.39254916134,7.67292510542,1.97255783245,6.82772429054,0.0455022353,11.6847268614,1.2653069202,8.51776742078,1.72953584577,6.1,10.154,27.85,27.232,45.227
49,1.41696716663,0.48248695296,0.52490019562,0.53448448231,0.94891391892,0.57099582101,0.57220458395,0.63440031716,0.12126381136,0.45221894986,1.63046655613,1.92021343606,0.924474027452,0.783745139152,0.639266606835,0.600083779689,3.73614008999,1.39042758846,7.69053194268,1.9552637076,6.89046479729,0.0449479495513,11.6846978739,1.26531587105,8.51778609232,1.72964067591,5.858,9.744,26.801,26.2,43.848
50,1.41573865714,0.51210785289,0.55710462142,0.56724161906,0.85849888284,0.51661432212,0.51767529044,0.57393468656,0.12115869994,0.4799646258,1.63046177274,1.91984185406,0.924663481798,0.784066520399,0.640227458378,0.601267413687,3.96066909984,1.3898055985,7.69574186913,1.95029860947,6.90608847895,0.047706136126,11.6846986989,1.26527203417,8.51779338248,1.7296570928,5.837,9.708,26.727,26.127,43.823
51,1.39865361922,0.49516584616,0.53867006228,0.54848807588,0.88075501565,0.53005308842,0.5311453676,0.58889794937,0.11969659863,0.46407975065,1.63043990316,1.92603126048,0.924437465352,0.783704860822,0.639003237001,0.599595715712,3.88275450497,1.39054516461,7.68951159506,1.95645732303,6.88269979617,0.0461301593979,11.6847023469,1.26526523886,8.5178046472,1.72962242081,5.942,9.877,27.176,26.565,44.427
52,1.37384688932,0.48936549315,0.53238262998,0.54219420212,0.86755260204,0.52205492114,0.52315192559,0.58019263673,0.11757341552,0.4586727498,1.63045253223,1.93703448029,0.923629710802,0.78235698403,0.634696160701,0.594021837133,3.90997142459,1.39319680467,7.66699112928,1.97839806974,6.80684688021,0.045594636707,11.6847308175,1.26534550594,8.51771614166,1.7295238341,6.162,10.25,28.077,27.461,45.487
53,1.39080362284,0.47486305589,0.51658853169,0.52599375924,0.92997605403,0.55964704679,0.56080310132,0.62174668648,0.11902490407,0.44505849859,1.63045762012,1.92925982968,0.924240517142,0.783374922711,0.637938895357,0.59818853825,3.7484824542,1.39119037301,7.68393323045,1.96188793753,6.86370822855,0.0442403719722,11.6846949922,1.26527338906,8.51779611684,1.7296499981,5.998,9.985,27.432,26.817,44.735
54,1.38157285589,0.48558178208,0.52824841939,0.53786821515,0.90845125599,0.54668799869,0.54783203839,0.60734175453,0.11823484707,0.45510324176,1.63045571795,1.93211254042,0.92423389239,0.783353689394,0.637844020158,0.598000467095,3.85157438356,1.39121321386,7.68358099615,1.96231592868,6.86075508853,0.0452402342137,11.6847087218,1.26527732551,8.51780126628,1.72965715302,6.038,10.038,27.606,26.993,45.018
55,1.39559533629,0.48324366456,0.5257059496,0.53527437701,0.90522017969,0.54474155212,0.54583832586,0.60513746937,0.11943483451,0.45291662359,1.6304668575,1.92696283216,0.924452085282,0.783704724276,0.638976554021,0.59952990029,3.79959261196,1.39049899165,7.68943773835,1.95657198332,6.88182271814,0.0450212528288,11.6847074844,1.26525348643,8.51778127626,1.72966435192,5.95,9.9,27.231,26.615,44.518
56,1.41928298693,0.47676710904,0.51866866596,0.52824013627,0.94160140716,0.56663346346,0.56781071667,0.62969828573,0.12146172267,0.44685126128,1.63042563016,1.91868303912,0.924664124731,0.784062390865,0.640278331472,0.601440488455,3.68336462464,1.38980663954,7.6960066145,1.95005358065,6.90822420746,0.0444145827429,11.6847249337,1.26532771357,8.51773603634,1.72951149006,5.818,9.684,26.649,26.049,43.708
57,1.39720440704,0.49861265183,0.54241338553,0.55228302482,0.87418137381,0.52611528149,0.52718155762,0.58449217068,0.11957252994,0.46730423635,1.63043443339,1.92724036946,0.924236385941,0.783397490599,0.638010717781,0.598331845622,3.90886600686,1.39120500387,7.68418210396,1.96156889357,6.86595284065,0.046449910538,11.6847069153,1.2652485562,8.51781127733,1.72964181678,5.979,9.936,27.299,26.692,44.545
58,1.39410239779,0.4784155195,0.52045776362,0.5300097814,0.90708440267,0.54588753659,0.54701287703,0.60659233604,0.1193068719,0.44838978627,1.6304281409,1.92806868113,0.924243565038,0.783387683909,0.638035292501,0.598407585079,3.7720211592,1.39118428187,7.68434540242,1.96144394934,6.86676246364,0.044571370992,11.6847260404,1.26530413357,8.51776757921,1.72955459679,5.98,9.952,27.343,26.731,44.617
59,1.40701840917,0.47791233894,0.51990079779,0.52943690478,0.93267499309,0.5612835036,0.56242662647,0.62364373514,0.12041224228,0.44791270281,1.63043290204,1.92348236914,0.924446411256,0.78372005505,0.639088504119,0.599786555043,3.72772665163,1.3905184985,7.68989052094,1.95605943478,6.8855047953,0.0445216208011,11.68471902,1.26528341358,8.51775695457,1.72957448618,5.901,9.821,27.017,26.415,44.185
60,1.39719573375,0.47091628025,0.51231923721,0.521691328,0.94868234405,0.57085485758,0.57208095385,0.63432948543,0.11957167648,0.44138168012,1.63046513672,1.92733105313,0.924254135123,0.783361435527,0.637976910482,0.5982995518,3.7021393668,1.3911493884,7.6840787689,1.96171055867,6.86532842242,0.0438737356707,11.6847168042,1.26533661528,8.51776664703,1.72961316253,5.972,9.941,27.312,26.697,44.552
61,1.4070589011,0.50321094173,0.5474396418,0.55743185289,0.86148934348,0.51839985838,0.51950599322,0.57603514078,0.12041582553,0.47163756665,1.63045777912,1.92267538828,0.924654214964,0.78402284611,0.640089770814,0.60103007347,3.91901650373,1.38983641543,7.69522126788,1.95091369012,6.90216810055,0.046880199713,11.6847084788,1.26531365542,8.51777453149,1.72961655948,5.881,9.772,26.916,26.309,44.112
62,1.38537171366,0.48534175497,0.52798523678,0.53764758815,0.8970915411,0.53987622058,0.54098888459,0.59979568224,0.11855978832,0.45487391865,1.63043080558,1.93020227347,0.924428608911,0.783672805689,0.638859634581,0.599323430744,3.8374035154,1.3905759974,7.68902745839,1.957099117,6.8783011191,0.0452172277746,11.6847233584,1.26527908485,8.51779722701,1.72960763888,5.997,9.982,27.443,26.821,44.846
63,1.41638767786,0.46534913966,0.50626133157,0.51555760601,0.98643440859,0.59357093039,0.59482188565,0.65958193932,0.12121410406,0.43616349829,1.63046090399,1.91982713114,0.924665586355,0.784030332006,0.640161766229,0.601206378425,3.60387946469,1.38980019823,7.69552360978,1.95058486967,6.90480599896,0.0433526056305,11.6847099368,1.2653415666,8.51775151068,1.72957568141,5.836,9.709,26.74,26.138,43.837
64,1.40903717872,0.48806288034,0.53095461066,0.54064471824,0.91645627007,0.5514850946,0.55261662902,0.61269669878,0.12058509285,0.45743937546,1.63046814944,1.92214834118,0.924655803969,0.78402376091,0.640053696315,0.60097647081,3.7918767936,1.38983158541,7.69507507777,1.95107708611,6.90144567866,0.0454681996722,11.684710529,1.26528682005,8.51776233762,1.72963825351,5.869,9.765,26.889,26.28,44.066
65,1.4192535721,0.49403041226,0.53744203677,0.54727365783,0.90839983937,0.54668594333,0.54779804435,0.60740666846,0.12145942032,0.46302353824,1.63043407304,1.91878199728,0.924658153368,0.784069243829,0.640259615523,0.601360260006,3.81949638784,1.3898233906,7.69588375012,1.9501488841,6.90728373158,0.0460221337916,11.6847049778,1.26528751499,8.51778008834,1.72959204841,5.822,9.687,26.661,26.068,43.719
66,1.41263601663,0.48880653409,0.53176641745,0.54151224649,0.91993542531,0.5535831826,0.55473857498,0.61511978807,0.12089294926,0.4581347148,1.63044470606,1.92093612163,0.924660483102,0.784040522193,0.640150456655,0.601164261525,3.79048750986,1.38981780528,7.69547203478,1.95063588008,6.90416630087,0.0455369215803,11.6847207536,1.26530344528,8.51775911459,1.72958673517,5.852,9.733,26.805,26.198,43.94
67,1.40920401296,0.48424947208,0.52682652375,0.5364734359,0.93114636932,0.56028981616,0.56147893409,0.62258274225,0.12059938507,0.4538814137,1.630472391,1.92203577352,0.924661372888,0.784011807013,0.640084462313,0.601045043135,3.7622006575,1.38981370922,7.69522543414,1.95093528357,6.90236904319,0.0451146218219,11.6847099825,1.26534646461,8.51775831249,1.72960361913,5.867,9.764,26.878,26.271,44.046
68,1.3908404379,0.46383422117,0.50459271517,0.5138375973,0.97221621422,0.58510324682,0.58633667558,0.65015478996,0.11902779406,0.43471797186,1.6304166246,1.92915000169,0.92423122875,0.783374909343,0.637982355432,0.59829525243,3.66830116713,1.39122310634,7.68410970735,1.96168952198,6.86504929951,0.0432130406366,11.6847204576,1.26530255911,8.5177972244,1.72956987911,5.994,9.98,27.417,26.796,44.733
69,1.40569820695,0.47960246222,0.52174402266,0.53125993596,0.92763838767,0.55825637647,0.55940131821,0.62023154046,0.12029937037,0.44950287133,1.63045080147,1.92310306449,0.92464689261,0.784027563266,0.640046971288,0.600956426416,3.7348126087,1.38986014987,7.6950583577,1.95110977474,6.9010880069,0.0446800361742,11.684710783,1.26527300827,8.51777504353,1.72963023043,5.877,9.787,26.944,26.338,44.152
70,1.38932862662,0.47992672453,0.5221060249,0.53170996085,0.91832136441,0.55261218065,0.55377675261,0.61410746428,0.11889842897,0.44981425398,1.63044570227,1.92999278883,0.924228104931,0.783325089504,0.637785439138,0.597993959802,3.79325835862,1.39123284954,7.68334836147,1.96257099797,6.86023160296,0.0447131943188,11.6847179537,1.26532220275,8.51773943122,1.7295356185,6.011,10.006,27.499,26.877,44.828
71,1.39826757506,0.49191044626,0.5351257981,0.54493507402,0.9152938893,0.55086282173,0.55201649602,0.61212620904,0.11966335529,0.46101975613,1.63039831712,1.92601886898,0.924428464525,0.783709544064,0.639055774654,0.59971169834,3.85530993457,1.39057649723,7.68974836729,1.95621749197,6.88421698849,0.0458260381191,11.6847238391,1.265290683,8.51780871473,1.72955281344,5.941,9.877,27.166,26.557,44.424
72,1.4149352493,0.48768462029,0.53054493981,0.54032049303,0.92721200422,0.55798709752,0.55913186769,0.62004300437,0.12108968489,0.45708320331,1.63043149739,1.92017641442,0.924653401223,0.784038244118,0.640153490808,0.601216133134,3.7748446475,1.38984073445,7.69549111946,1.95062223504,6.90479309804,0.0454319800775,11.6847227905,1.26531310016,8.51774303262,1.72952894264,5.84,9.72,26.754,26.155,43.859
73,1.40594679591,0.48194721968,0.52429942139,0.53386603247,0.91947537,0.55330008291,0.55445615342,0.61472070022,0.12032066726,0.45169881262,1.63045181598,1.92361654432,0.924460074271,0.783733425184,0.639165927922,0.599879808231,3.7637263271,1.39047328485,7.69017331629,1.95571816368,6.88719928756,0.0448984930865,11.6847066197,1.26529104116,8.51779767308,1.72963592242,5.897,9.818,27.014,26.413,44.189
74,1.37129920341,0.47357457067,0.51518593679,0.52460089925,0.92239573906,0.55510067211,0.55625748444,0.61672498633,0.11735554413,0.4438437959,1.63042908694,1.93710730495,0.92380818918,0.782676503949,0.635645736057,0.59513817356,3.79620106919,1.39260848213,7.67207206461,1.97350441323,6.82169384884,0.0441219824322,11.6847194242,1.2652858705,8.5178125559,1.72961239108,6.142,10.23,28.036,27.419,45.508
75,1.41363171678,0.50014323998,0.54409223809,0.5540829575,0.8858475967,0.53310403886,0.53420939012,0.5923378681,0.12097827397,0.46875077581,1.63043000574,1.92044164496,0.924651546864,0.784052880079,0.640207912411,0.601276060883,3.87381248853,1.38984517004,7.69569820341,1.950383487,6.90586568,0.0465920278827,11.6847104171,1.26530460444,8.51778155796,1.72956728973,5.844,9.72,26.766,26.161,43.878
76,1.40440338365,0.49189146053,0.53510099368,0.54483873937,0.89929166822,0.54120251956,0.5422949968,0.60121604105,0.12018860766,0.46100661709,1.63044662262,1.92489863613,0.924252703227,0.783426941668,0.638132524962,0.598548956201,3.85330988908,1.39115246355,7.68464765511,1.96101715091,6.86941875426,0.0458238138712,11.6847042994,1.26523936465,8.51780016272,1.72965141027,5.929,9.875,27.145,26.546,44.299
77,1.39572086193,0.50678493246,0.55131181637,0.56139437078,0.85802391583,0.51640187052,0.51746872396,0.57371184501,0.11944547501,0.47496753935,1.63041654226,1.92680484958,0.924434854915,0.78371233819,0.639044685491,0.599658949045,3.97765693268,1.39055531243,7.68971955504,1.95626917575,6.88358562729,0.0472128475533,11.6847176984,1.26527783206,8.5178201496,1.72960651425,5.95,9.896,27.216,26.602,44.508
78,1.40146856184,0.47281393856,0.51435856588,0.52376599503,0.936688661,0.56369120664,0.56486942328,0.62631304032,0.11993732163,0.44313375552,1.63043563241,1.92606441441,0.924236948417,0.783380912099,0.638005620837,0.598355596799,3.70389275542,1.39120439056,7.68417362154,1.96158851805,6.86618783929,0.0440468953972,11.6847168918,1.26529545544,8.51779574146,1.72960451437,5.953,9.912,27.234,26.628,44.431
79,1.39533534574,0.49341843118,0.53678063855,0.54661373023,0.88127617335,0.53035119306,0.53148578643,0.58931142314,0.11941252892,0.46244831311,1.63042591062,1.92704423014,0.924431761458,0.783683550263,0.638979031615,0.599564771522,3.87408693553,1.39056472679,7.68944321684,1.95656395606,6.88203859769,0.045968372039,11.6847134654,1.2653161457,8.51780376242,1.72958453485,5.955,9.909,27.238,26.627,44.534
80,1.38276609702,0.48251544729,0.52492054412,0.53458121957,0.89450733794,0.53831511547,0.53943218485,0.59818582392,0.11833676459,0.45223425033,1.63042488136,1.93337793295,0.923823793531,0.782702918701,0.635807410692,0.59549005386,3.8390901695,1.39255908069,7.67272179341,1.972765271,6.82696011693,0.0449542803002,11.6847240831,1.26531579807,8.51776430493,1.72953629244,6.091,10.134,27.793,27.178,45.125
81,1.38953741929,0.46765210645,0.50875572506,0.51805118996,0.9738737336,0.58605317939,0.58728288917,0.65113075587,0.11891641256,0.43831150066,1.63045832098,1.9297669581,0.92423769197,0.783350324907,0.637879777138,0.598101535251,3.69179816214,1.39120098541,7.6837172363,1.96215163271,6.86224448211,0.0435695536421,11.6847081807,1.26530950703,8.51778265617,1.72962583865,6.002,9.997,27.468,26.856,44.795
82,1.40949726263,0.48512441032,0.52775282541,0.53747231602,0.91709631722,0.55190753832,0.55304329283,0.61329766475,0.12062439411,0.45467868877,1.63042948532,1.92184705416,0.924647440483,0.784032813027,0.640112795832,0.601128939984,3.77366727943,1.38985911536,7.69535575472,1.95080426639,6.90337827914,0.0451942930622,11.6847170233,1.26530668308,8.51774258888,1.72952344594,5.86,9.757,26.861,26.257,44.029
83,1.4097862867,0.48457176598,0.52716981766,0.53687920887,0.92314253777,0.55552093511,0.55669678755,0.61734643015,0.12064906975,0.45417521119,1.63043976492,1.92242150313,0.924459709341,0.783719416676,0.639181627714,0.599976408668,3.76443290113,1.39047618031,7.69025223741,1.95563669018,6.88832199367,0.0451432686215,11.6847211659,1.2653448188,8.5177469241,1.72953063111,5.892,9.792,26.941,26.332,44.072
84,1.3948853687,0.49175311905,0.53497640651,0.54481126114,0.88780423066,0.53425428708,0.53537140934,0.59369337161,0.11937402983,0.46090212225,1.63044793285,1.92730483144,0.924437477439,0.783666613102,0.638913315095,0.59948171074,3.86016877347,1.39054617539,7.68923236567,1.95685011043,6.88060231587,0.0458144676785,11.6847112191,1.26533073032,8.51775155599,1.72954759894,5.96,9.913,27.264,26.646,44.564
85,1.38116971778,0.4647704506,0.50561992885,0.51482780694,0.95075259198,0.5721182521,0.57334338516,0.63562450257,0.11820042431,0.43560775052,1.63046811018,1.93312739833,0.924030398489,0.783014758354,0.636794348701,0.596657236278,3.70153040156,1.39187913426,7.67800896422,1.96768845558,6.84275716357,0.0433023567299,11.6846992668,1.26531254963,8.51780595067,1.72966714402,6.067,10.105,27.726,27.11,45.118
86,1.4009374139,0.48635531272,0.52909024555,0.53877535143,0.90781956504,0.54632586606,0.54745936062,0.60703574094,0.11989185602,0.45582804265,1.63043503852,1.92525941866,0.924443221087,0.783708015815,0.639049740464,0.599701784428,3.80433638086,1.39052880956,7.68973036291,1.95623969468,6.88422235245,0.0453093167524,11.684719854,1.26529210076,8.51777682653,1.72958752484,5.93,9.862,27.12,26.512,44.348
87,1.40579125086,0.49162904828,0.53482222165,0.54461161458,0.90917574613,0.54713537333,0.54824477649,0.60789764945,0.12030728941,0.46076678436,1.63043790706,1.92363954401,0.924455120417,0.783739148412,0.639159497951,0.599892919245,3.83725466563,1.39048986023,7.69015527645,1.95574012115,6.88722251443,0.0457997553241,11.6847127408,1.26527138212,8.51776551807,1.72958821988,5.904,9.818,27.014,26.406,44.186
88,1.40752743792,0.49377138457,0.53716605499,0.54705408844,0.90470123303,0.54442979711,0.54556211548,0.60496691267,0.12045582744,0.462785817,1.63043296345,1.92243200201,0.924651978737,0.784030939896,0.640115544926,0.601115140114,3.83823414047,1.38984445392,7.69535978229,1.95079256687,6.90319756157,0.0459999633424,11.6847160416,1.26531287784,8.51775537227,1.7295382578,5.877,9.768,26.896,26.289,44.085
89,1.39786488463,0.49437561826,0.53782111952,0.54767695185,0.88893090895,0.53494318463,0.53604941184,0.59438865181,0.1196289279,0.46334899395,1.63043609545,1.92628812851,0.924442489433,0.783694028776,0.63899077633,0.599599127391,3.876651856,1.39053116106,7.68950197547,1.9565040066,6.88256595669,0.0460575112658,11.6847198781,1.26529526182,8.5177704354,1.72957866174,5.942,9.884,27.191,26.58,44.458
90,1.39196378303,0.49350174909,0.53687125413,0.54665743891,0.88647658175,0.53345205373,0.53457973092,0.59268303479,0.1191240541,0.46253177684,1.63045761067,1.9290040787,0.924236951979,0.783356291592,0.637896102541,0.598131003183,3.89119129069,1.3912034012,7.68374209824,1.96208333667,6.86278490067,0.0459769632697,11.6847084415,1.26529613687,8.51779462002,1.72963873982,5.997,9.977,27.424,26.801,44.717
91,1.41189941138,0.49360484987,0.53698967946,0.54685429781,0.9054784708,0.54488954147,0.54601090994,0.60547407125,0.12082992944,0.46263579675,1.63043975262,1.92177031569,0.924465408302,0.783737072091,0.639209633468,0.600017239839,3.8374901588,1.39045763592,7.69036107999,1.95551147601,6.8890529439,0.0459844429676,11.6847184518,1.2653112908,8.51775177311,1.72955270254,5.88,9.778,26.896,26.293,43.996
92,1.419026202,0.47408490915,0.51575456492,0.5251478085,0.96290955386,0.57939513972,0.58060845662,0.64368042451,0.12144014741,0.444341928,1.63048485128,1.91892423782,0.924677635797,0.784061427464,0.640236077051,0.601284176641,3.66908247575,1.3897587201,7.69576355449,1.95025792293,6.90640060119,0.0441654645561,11.6846854451,1.26529044716,8.51778546545,1.72966805012,5.821,9.691,26.678,26.075,43.737
93,1.42122027733,0.48930986166,0.53231317685,0.54208322345,0.91536019338,0.55085508365,0.55199982662,0.61209638308,0.12162757151,0.45860191231,1.63042780812,1.91817222956,0.92465918877,0.784061876508,0.640265157906,0.601394422403,3.77043533829,1.38982172897,7.695898707,1.95012419696,6.90774501829,0.0455817918122,11.684718981,1.2653114051,8.51777731668,1.72956925821,5.816,9.674,26.624,26.027,43.659
94,1.41080636006,0.49280609861,0.5360999141,0.54589586527,0.89950946684,0.54135176744,0.542452549,0.60144405866,0.12073649781,0.46186612287,1.63042879801,1.92206973357,0.924453727919,0.783754018368,0.639221664453,0.600000661724,3.82740455794,1.39049389707,7.69038110964,1.95546694855,6.88900140707,0.0459077094124,11.6847092545,1.26526520709,8.51779418185,1.72960646627,5.885,9.782,26.915,26.314,44.026
95,1.40479049964,0.49445737276,0.53790601445,0.54771414822,0.88343720333,0.53163055148,0.53271923473,0.59063771327,0.12022165923,0.46342353243,1.63045023709,1.92323040519,0.924656193498,0.784044277191,0.640123027858,0.601069822539,3.86034764009,1.38983080137,7.69538221975,1.95076426792,6.90285657736,0.0460645815446,11.6847145156,1.26527776175,8.51778517454,1.72963757025,5.885,9.787,26.936,26.335,44.161
96,1.40969564405,0.48723678586,0.53005087667,0.53972405535,0.91926615287,0.55320957876,0.55435424143,0.61463163599,0.1206414013,0.45665644073,1.6304442894,1.92170609185,0.924657569662,0.784054149046,0.640177057239,0.601176483126,3.78950792435,1.38982648679,7.6955690224,1.9505209891,6.90449788912,0.0453909250189,11.6847153384,1.26527972343,8.51778399118,1.72962488361,5.864,9.752,26.844,26.244,44.013
97,1.3970448961,0.49044548896,0.53354592238,0.54327106656,0.8968961792,0.5397254509,0.54084725168,0.59963533237,0.11955891991,0.45966827873,1.63046057481,1.92727650437,0.924249254346,0.783385350061,0.638012234779,0.598338306899,3.85334506856,1.39116327527,7.68420145165,1.96155536366,6.8660843959,0.0456914854836,11.6847022373,1.26528712055,8.51778344617,1.72964977158,5.973,9.933,27.298,26.69,44.538
98,1.40279363173,0.47623505867,0.51808530542,0.52761221119,0.93215981672,0.5609839934,0.56215067923,0.62340149411,0.1200506929,0.44634605526,1.63042179941,1.92565554276,0.924233717952,0.783372154718,0.637989817129,0.598375440517,3.72745979449,1.39121487725,7.68411217739,1.96165378391,6.86623736665,0.0443659965594,11.6847180666,1.2653107851,8.51775960334,1.72953161117,5.952,9.905,27.211,26.602,44.388
99,1.40204910627,0.47985220609,0.52202335902,0.53158763724,0.92331552635,0.55561437942,0.55675785647,0.61732762993,0.11998691174,0.44974142027,1.6304493408,1.92507494365,0.924447569971,0.783692281931,0.638988249297,0.599606885189,3.75252613302,1.39051579846,7.68948383283,1.95651637351,6.88279105823,0.0447040653772,11.6847272128,1.2652972833,8.51776174022,1.72959643487,5.924,9.861,27.121,26.513,44.346
