,a,a,a,a,a,a,a,a,a,a,a,a,a,a,a,a,a,a,a,a,a,a,a,a,a,a,a,a,a,a,k,k,k,k,k,k,k,k,k,k,k,k,k,k,k,k,k,k,k,k,k,k,k,k,k,k,k,k,k,k,b,u,n,ss,ss,ss,ss,ss,ss,ss,ss,ss,ss,ss,ss,ss,ss,ss,ss,ss,ss,ss,ss,ss,ss,ss,ss,ss,ss,ss,ss,ss,ss,ss,ss_0,ss_0,ss_0,ss_0,ss_0,ss_0,ss_0,ss_0,ss_0,ss_0,ss_0,ss_0,ss_0,ss_0,ss_0,ss_0,ss_0,ss_0,ss_0,ss_0,ss_0,ss_0,ss_0,ss_0,ss_0,ss_0,ss_0,ss_0,ss_0,ss_0,ss_0,ttss,ttss,ttss,ttss,ttss,ttss,ttss,ttss,ttss,ttss,ttss,ttss,ttss,ttss,ttss,ttss,ttss,ttss,ttss,ttss,ttss,ttss,ttss,ttss,ttss,ttss,ttss,ttss,ttss,ttss,ttss,dr,dr,dr,dr,dr,dr,dr,dr,dr,dr,dr,dr,dr,dr,dr,dr,dr,dr,dr,dr,dr,dr,dr,dr,dr,dr,dr,dr,dr,dr,dr,metric,metric,metric,metric,metric,metric,metric,metric,metric,metric,metric,metric,metric,metric,metric,metric,metric,metric,metric,metric,metric,metric,metric,metric,metric,metric,metric,metric,metric,metric,metric
,0,1,2,3,4,5,6,7,8,9,10,11,12,13,14,15,16,17,18,19,20,21,22,23,24,25,26,27,28,29,0,1,2,3,4,5,6,7,8,9,10,11,12,13,14,15,16,17,18,19,20,21,22,23,24,25,26,27,28,29,0,0,0,0,1,2,3,4,5,6,7,8,9,10,11,12,13,14,15,16,17,18,19,20,21,22,23,24,25,26,27,28,29,30,0,1,2,3,4,5,6,7,8,9,10,11,12,13,14,15,16,17,18,19,20,21,22,23,24,25,26,27,28,29,30,0,1,2,3,4,5,6,7,8,9,10,11,12,13,14,15,16,17,18,19,20,21,22,23,24,25,26,27,28,29,30,0,1,2,3,4,5,6,7,8,9,10,11,12,13,14,15,16,17,18,19,20,21,22,23,24,25,26,27,28,29,30,0,1,2,3,4,5,6,7,8,9,10,11,12,13,14,15,16,17,18,19,20,21,22,23,24,25,26,27,28,29,30
,,,,,,,,,,,,,,,,,,,,,,,,,,,,,,,,,,,,,,,,,,,,,,,,,,,,,,,,,,,,,,,,,,,,,,,,,,,,,,,,,,,,,,,,,,,,,,,,,,,,,,,,,,,,,,,,,,,,,,,,,,,,,,,,,,,,,,,,,,,,,,,,,,,,,,,,,,,,,,,,,,,,,,,,,,,,,,,,,,,,,,,,,,,,,,,,,,,,,,,,,,,,,,,,,,,,,,,,,,
0,1.00040360784,0.464144422264,0.354189363761,0.425742537689,0.470443283128,0.230746899977,0.927934252541,0.953052143115,0.861197514053,0.40644512951,0.516016454312,0.547207753462,0.415028404384,0.497413686881,0.995327952835,0.180912384265,1.03767164231,0.1815043187,0.739584898211,0.0564640027466,0.596080310953,0.708364507532,0.475363951816,0.742523746705,0.594480379866,0.0561930321707,0.0290647533736,0.280243339048,0.78249044831,1.05219773293,0.927184540403,0.492692760799,0.163101283846,0.404974700194,0.943061675579,0.429687549168,0.712149573884,0.205263993856,1.16961594273,0.348054075688,0.626600560578,0.71880745474,0.641424531151,0.259631568462,0.122811746128,0.0898530516268,0.397320156178,0.483600303334,0.865587584307,0.837047666807,1.13560965328,0.954058042986,1.01426332722,0.533204162632,0.707590090514,0.120488561577,0.709006116827,0.561876421127,1.10857637734,0.403012453132,0.0690853878519,0.636528268586,0.302995417104,6.05315894927,3.82549678474,4.11253467548,3.91513314624,3.16257953787,1.94225774227,5.48533341856,10.4188226437,4.51401587479,3.86350200482,3.82878247809,3.96022610046,2.97398674892,4.62258314041,12.46026458,2.21400364943,10.4188316527,1.41760951153,6.5149706643,0.375281927623,3.0872852334,4.52925499883,2.52942730179,5.71859124461,5.21508225956,0.755740011332,0.221152855814,2.21622986424,3.62921601281,8.50938125489,9.2136454376,6.05315894927,3.82549678474,4.11253467548,3.91513314624,3.16257953787,1.94225774227,5.48533341856,10.4188226437,4.51401587479,3.86350200482,3.82878247809,3.96022610046,2.97398674892,4.62258314041,12.46026458,2.21400364943,10.4188316527,1.41760951155,6.5149706636,0.375281927962,3.08728521634,4.52925512745,2.52942687712,5.71859625523,5.21505003102,0.755779139313,0.220620113403,2.25368490476,3.20861277025,15.230394815,0.0,1.0,1.0,1.0,1.0,1.0,1.0,1.0,1.0,1.0,1.0,1.0,1.0,1.0,1.0,208.0,206.0,201.0,174.0,211.0,203.0,140.0,132.0,118.0,102.0,88.0,74.0,59.0,45.0,31.0,14.0,10.0,0.0,0.0,0.0,0.0,0.0,0.0,0.0,0.0,0.0,0.0,0.0,0.0,0.0,0.0,2.31438591973e-14,5.67024550333e-13,1.2081094501e-11,1.30137920265e-10,9.32836388755e-10,7.86530361013e-09,4.79974033572e-08,2.46672819706e-07,1.45827822755e-06,7.61055480301e-06,5.36778595994e-05,0.000449695029046,0.0209489686286,0.145567859669,1.0699102149,5.05626358749,inf,-inf,-inf,-inf,-inf,-inf,-inf,-inf,-inf,-inf,-inf,-inf,-inf,-inf,-inf,-13.4951972824,-12.8406464179,-10.8388860866,-10.6728566387,-9.15509593495,-9.46874112542,-7.76801981803,-6.89066622899,-6.37195174991,-5.30010874407,-4.49175929576,-4.40751256187,-3.2734827276,-1.42648972872,-0.376127383529,0.827434771623,0.964431495581
1,1.07390660698,0.954209322992,0.359258950364,0.0837231830048,1.01709788909,0.379447688907,0.33007736552,0.777633600401,0.960395354196,0.747217485563,1.06452800558,0.352176375401,0.710839483242,0.967565770698,0.0662924483387,0.29172473497,0.4652693179,0.362226977051,0.907271769504,0.0525514726001,0.225246238597,0.211273746689,0.936420913817,0.134200062587,0.697832163387,0.309010006849,0.535822936682,0.280206552492,0.892056095082,0.935543114963,0.34062326838,0.318488515818,0.628078006989,0.683183482755,0.0921996498453,0.389772169745,0.274074767716,0.39543269023,1.02442465036,1.09014264489,0.797527365332,1.17594043353,0.68299517339,0.823091568999,1.12448490887,0.0936283175242,1.12130384587,0.17863444602,0.52151307417,0.89519015178,0.633880584543,0.244590703455,0.484650521934,0.373883436214,0.814043270853,0.812425579228,0.519123647727,0.774946605993,1.17797529215,0.734784869003,0.080356253346,0.544421755561,1.96841106407,6.8263806183,1.69079352769,4.45256484762,0.0776135631297,4.36489287011,4.65086511715,0.193106055176,8.90238646739,0.463521568119,5.04607545868,0.877442655492,4.30243918834,0.121822761697,10.6293032625,0.395849418423,0.981581385613,5.51532933335,0.205576069696,11.2454120092,0.0844351458272,2.78986289498,0.0831699024804,11.6294667037,0.0623261323481,8.59327921047,0.110119985035,6.65804736218,0.0514418718981,9.62138229285,0.355494199647,6.77510128823,6.82638061586,1.69079352832,4.45256484664,0.0776135652536,4.36489280455,4.65086517132,0.193105979399,8.90238832968,0.463520952966,5.04607899808,0.877441971835,4.30244101215,0.121821328903,10.6293676602,0.395839025998,0.981606554063,5.51523086855,0.205615359177,11.2442681476,0.085518278213,2.76917633521,0.134675955142,9.0096753221,0.774975285212,1.77358254928,2.21547252615,0.950882970336,3.47079452192,0.0746266437294,11.6424431952,0.0,157.0,180.0,171.0,147.0,164.0,167.0,277.0,270.0,222.0,231.0,219.0,202.0,189.0,178.0,165.0,153.0,140.0,128.0,116.0,103.0,91.0,82.0,73.0,67.0,71.0,55.0,59.0,42.0,51.0,12.0,9.0,3.10671593879e-09,3.22620382647e-09,1.91110224435e-09,2.3767947886e-07,1.30465555329e-07,1.01167140693e-07,3.40846449021e-06,1.81700072573e-06,1.15273043904e-05,6.09242842335e-06,6.76758860146e-06,3.68196884208e-06,0.000102157904465,5.26233544938e-05,0.000228037820752,0.000222709578351,0.000155069988718,0.00165987941193,0.00088355689427,0.110713812279,0.0646449852615,4.18647744106,2.21701317652,21.8923535011,13.7061503201,26.0720045012,16.9043962129,36.5822427948,42.2068712215,30.304232172,inf,-8.61232219968,-9.20203184416,-9.00891993965,-8.6728849936,-7.18334485713,-7.26624108575,-7.12045972631,-5.72995271684,-6.21101688672,-5.45106997847,-6.16516178275,-5.73901936535,-5.84381644447,-4.1911296645,-4.98328311468,-4.59914352955,-4.00671897811,-4.40572371231,-2.94162650399,-2.96531845851,-1.68431172765,-1.28814173245,0.418266709091,-0.147124226777,0.83376505775,0.323324828837,0.756420382352,0.533943893443,0.979855806864,1.05257656252,0.830915792327
2,0.802373938394,0.942893529247,0.329526738899,0.982897509274,1.0198892857,0.861847457779,0.879481786875,0.823035222267,0.56568596915,0.45296278976,0.87870719154,0.953793856816,0.32288781783,1.01338254912,1.07118153567,0.838548527487,0.432219432311,0.214617419737,0.223169814415,0.388098155893,0.989751180963,0.410282666504,0.389916531294,0.993185102013,0.401396564242,0.0509998126158,0.738419963574,0.298756594762,0.905988369096,1.02918962433,0.121858103995,0.282113501571,0.307929415523,0.478388934376,0.574386535686,0.38385424119,0.595520909105,0.59780169078,0.276275255943,0.272095059386,1.10269980656,0.298677722946,0.76857301915,0.625059098031,0.175566208465,0.171945874729,0.437139407766,0.675891315626,0.77232514695,0.0645542286806,0.113908498301,1.15792848559,0.211972441898,0.168340123014,0.74889820145,0.183068179339,1.09895464431,0.28932679585,0.655208244326,0.815596206654,0.115995609277,0.255733288708,2.33366124042,0.402537212882,8.12513781733,0.0625920053985,8.41533551282,0.162815658544,6.95127745954,0.478925409148,3.96572834374,1.12638392188,2.90564045004,1.10561741463,2.0445382564,2.69574711599,0.258146669094,5.46086325694,1.79886056319,3.41392096371,0.511542500651,1.78619641592,0.372581303386,7.87916558314,0.872878374447,1.51485847005,2.11617195193,3.45841955492,0.0466465258955,5.15950900363,0.515231332962,3.08133458375,1.4401500114,2.20468076596,0.402536827926,8.12514135271,0.0625653678978,8.41690520607,0.160907688715,6.98714045849,0.462188255961,4.03070500036,1.10855590711,2.93152439963,1.08910759008,2.06001065199,2.68416653449,0.272713336763,5.32998074548,1.84440815386,3.36536749065,0.547576002942,1.71468093768,0.453569319378,7.15708457504,1.25127991998,1.2157490124,2.479840136,3.15179502667,0.418220047421,0.57970911533,2.57395909076,0.0724135698722,8.87266018724,0.0,263.0,254.0,246.0,237.0,228.0,219.0,210.0,201.0,193.0,184.0,175.0,166.0,158.0,150.0,142.0,133.0,125.0,117.0,108.0,101.0,94.0,87.0,81.0,72.0,64.0,63.0,62.0,44.0,38.0,13.0,6.0,8.3065279268e-06,3.77937330354e-06,0.00369727149833,0.00162000800248,0.102387470072,0.0446970007987,0.308979458288,0.141161056712,0.13857684348,0.0770328092185,0.130681719792,0.0654844954099,0.0373938374233,0.476797030631,0.210713231055,0.217190654763,0.124419346505,0.591253702245,0.354917876529,1.70845224822,0.834881562441,3.12801482516,1.91056268188,1.37745461715,0.806394245249,19.051710854,18.987964908,13.9719874817,32.578378006,15.7929223334,inf,-6.4145889498,-5.45156368526,-4.57450652635,-2.80418521063,-2.71942849714,-1.44535339645,-1.77631840899,-1.18724263909,-1.74889701467,-1.58696945472,-1.78225754193,-1.81044243935,-1.93626963273,-1.83663978786,-0.883118380045,-1.34153459103,-1.31377969926,-1.4432935244,-1.14559995278,-1.09157924006,-0.141414077501,-0.422047098451,-0.524169854635,-0.43929469204,-0.51339310696,-0.429955241571,0.660846502173,0.313598920147,0.478410787379,0.871135512469,0.343345713251
3,0.164631459733,0.419565304055,1.04904964849,0.416450394595,0.852428326184,0.763638514774,0.523597566282,0.627928514657,0.464075140999,0.16137357491,0.267274511367,0.210087231436,0.849039226493,0.29815940302,0.744516999371,0.798134536816,0.312169318863,0.810184883628,0.562369032612,1.01861393418,0.104031655399,0.705427159368,0.213234368031,0.668916692884,0.709837239081,0.692138864312,0.0421622150788,1.02100176895,0.624181413055,0.741026461988,0.704678849204,0.212503278096,0.518703655983,0.275108260163,1.1556502536,0.683623157471,0.291009626412,0.302632503065,0.0586038166366,0.833406468278,1.12824330162,0.146752441094,0.757181185269,0.496605310326,0.79391444953,0.417933145587,0.619480691548,0.0635953021691,0.304181770801,0.773901071885,0.336683042148,1.04908418659,0.186642319412,0.59058208706,0.20397927507,0.606642654075,0.151627893076,0.349629362525,0.477832329212,0.250706891311,0.0447969699433,0.771696170649,1.17395423278,1.00468048147,3.09828163355,6.81723734748,3.73319794931,4.21711818345,2.57765659221,6.01039699881,2.72645536057,9.28640828586,1.7831097937,1.18804615525,2.95282707928,3.26298618079,4.82893000794,0.793144057313,15.5874570065,0.401131563436,16.2689034552,1.6154425494,14.0556538233,0.82532798515,4.19750855805,2.27361218942,4.50886893519,3.19771064687,12.4968748192,0.448013565096,5.41198679413,6.61259986139,2.04572504866,17.2265260714,1.00467976695,3.09828421668,6.81723011266,3.73320271002,4.21711052844,2.5776617127,6.01038501655,2.72646489181,9.28637395499,1.78316400113,1.18798523669,2.95298812837,3.26257688971,4.8295533419,0.792826352701,15.5930441861,0.400152844245,16.3048621289,1.58518274048,14.3175387684,0.79153036771,4.43321973705,2.13243896253,4.99128142524,2.81647188923,14.2807727144,0.181668132697,16.8667694021,1.00402467413,16.5418880546,0.0,366.0,457.0,486.0,409.0,383.0,408.0,500.0,500.0,500.0,496.0,474.0,451.0,429.0,407.0,385.0,362.0,340.0,318.0,295.0,272.0,251.0,227.0,207.0,182.0,163.0,137.0,117.0,74.0,74.0,23.0,15.0,6.17729333671e-06,7.24166679757e-06,9.21793701192e-06,1.10765680952e-05,1.57668276336e-05,1.72544327611e-05,1.73161084792e-05,3.03643901843e-05,3.21108790058e-05,0.000264051413034,0.00044539131476,0.000473721100204,0.00108957865968,0.0011211304666,0.00347994794869,0.00311281883322,0.0212185611635,0.0191769783147,0.164243651426,0.160346307355,0.36317979595,0.474553356252,0.556795597684,0.882888924391,1.1026748392,1.15900575334,7.840248233,9.87350358432,16.372557157,18.1547562918,inf,-6.14598827146,-5.5878546951,-5.14057238671,-5.32232778971,-5.11605460915,-5.29068813108,-4.92146128304,-5.02085059285,-4.46431514166,-4.2659411244,-4.21525038458,-3.79304171968,-3.38796772303,-3.20527921313,-3.49797648012,-2.25280737018,-3.00934189585,-1.44419633523,-1.51913381876,-0.581889467151,-1.4711139142,-0.627619819844,-0.850247658213,-0.316581456487,-0.41880295438,0.251369993083,-0.574554746601,1.05898685144,0.7488525463,1.1612530639,1.23619770576
4,1.00009596905,0.515379742649,0.807776419266,0.460627781539,1.07355419297,0.280906269904,0.265615271461,0.528666246107,0.850510685966,0.834418854286,0.909482900621,0.490234538799,0.201857678529,0.945720950765,0.110036359596,1.02034301612,0.815788231399,0.865644482498,0.664977662285,0.604502275289,0.917630669673,0.755374592935,0.903826730798,0.994598520137,0.33687141206,0.916116252295,0.71223190327,0.801357238938,0.341242918913,0.0321661091428,0.139677264015,0.436403852043,0.361244440334,0.529134039702,0.341861004423,0.508735624014,1.07384602625,0.334894510547,0.0536428956985,0.361041525543,0.0576268216256,0.127408127015,0.446719802959,0.100678459303,0.274425743105,0.608645096402,0.697196853907,0.0969257312173,1.18336618108,0.928987735459,0.459609679068,0.69396843604,1.11760134788,1.00410425169,0.78040479808,0.705581899238,0.35864843969,0.350769265682,0.259144624089,1.05033324176,0.178731885954,0.345610330562,0.0960242678754,4.87062521247,1.93638946507,3.27994198537,1.59978769824,4.47046695145,1.05416747193,0.689654844272,2.13282115112,4.48864085509,3.28856549655,4.7879362692,2.44063141134,0.743148332865,4.83821113391,0.470361597288,3.42788320935,2.53050164067,4.39594061511,1.65953512661,1.65348338185,3.42228935566,2.4141412445,2.26493019875,2.77518366308,1.01124623161,2.87952778529,2.84233064278,3.28074333558,1.58508493765,0.0849311827178,1.93368032076,4.87062521247,1.93638946507,3.27994198537,1.59978769824,4.47046695145,1.05416747193,0.689654844272,2.13282115112,4.48864085509,3.28856549655,4.7879362692,2.44063141134,0.743148332865,4.83821113391,0.470361597288,3.42788320935,2.53050164067,4.39594061511,1.65953512661,1.65348338185,3.42228935566,2.4141412445,2.26493019865,2.77518366532,1.01124621467,2.87952886898,2.84230522189,3.28180920751,1.56521437291,0.179968498464,0.0,1.0,1.0,1.0,1.0,1.0,1.0,1.0,1.0,1.0,1.0,1.0,1.0,1.0,1.0,1.0,1.0,1.0,1.0,41.0,54.0,73.0,52.0,44.0,39.0,33.0,328.0,22.0,16.0,11.0,4.0,4.0,0.0,0.0,0.0,0.0,0.0,0.0,0.0,0.0,0.0,0.0,0.0,0.0,0.0,0.0,0.0,0.0,0.0,0.0,1.92865493311e-15,2.31438591973e-14,4.89878353009e-13,1.52865189998e-11,3.71258359995e-10,7.00278790958e-09,1.45478540676e-07,3.26886672352e-06,7.76841447048e-05,0.00282147714754,0.109574236809,6.52258642544,inf,-inf,-inf,-inf,-inf,-inf,-inf,-inf,-inf,-inf,-inf,-inf,-inf,-inf,-inf,-inf,-inf,-inf,-inf,-15.3525297789,-14.3525297789,-12.7150400494,-11.3717540049,-10.0140832463,-8.65025161689,-7.77115845594,-5.96509573755,-4.59480926335,-2.97229497577,-1.70178978956,-1.0221058385,0.286384677396
5,0.841248007782,0.954929887976,0.496340792859,0.786511435822,0.84870988817,0.969141174327,1.0644785867,1.03850833666,0.53354371426,0.155703571596,0.345708178505,0.133064955404,0.683237181424,0.382474760594,0.817461441635,0.485945500579,0.983068420915,0.932646068348,0.236761235899,0.720543941645,0.110854131149,0.0413442806228,1.01026490073,0.236612672604,0.868256169477,0.0379526839274,0.262921918281,0.173061052244,0.0472911536031,0.708061397846,0.795891950497,0.235352148393,0.0313477738593,1.18534889951,0.352653927342,0.487572905631,0.75688959956,0.238368273258,1.12772693724,1.05258069576,0.840752446677,0.977817313128,0.417840948956,0.313368923724,0.587560670977,0.855272922463,0.494427456936,0.40745816563,0.261763192417,1.05821678916,0.461347224246,1.13890873728,0.0805478052003,0.794807939774,1.08969626214,1.00494446067,0.80225651141,1.14627122507,0.660695069673,0.965685528988,0.0462363032686,0.606993412541,0.968218281021,3.09657651103,6.50161878439,9.94896499127,2.59753849982,4.92441900581,8.27147953169,3.26700425783,8.55326678926,7.26514257323,0.510677720551,5.61441311993,0.382722538066,7.09597277542,2.67282351804,7.11534089349,2.60510913221,3.69845393902,10.3451129417,2.39680032365,4.5559396051,2.35038911976,0.0392444539044,21.0738928172,0.445643641249,14.3551600568,0.271298411051,2.06255194099,2.24717726534,0.570424242091,1.20758447644,13.1280697121,3.09657651057,6.5016187856,9.94896498847,2.59753851013,4.92441898197,8.27147958822,3.26700421974,8.55326690928,7.26514240319,0.510677753879,5.61441267385,0.382722664142,7.09596999083,2.67282560211,7.11533242811,2.60511448931,3.69844349529,10.3451494668,2.39678238201,4.55600582341,2.3503392611,0.0392881611479,21.0485680102,0.461242290497,13.806259159,0.318715064888,1.59102957729,3.33372693286,0.0995210444616,15.3139707933,0.0,192.0,186.0,200.0,180.0,176.0,183.0,486.0,479.0,457.0,211.0,426.0,434.0,405.0,384.0,364.0,342.0,320.0,299.0,277.0,256.0,234.0,213.0,191.0,169.0,149.0,126.0,109.0,81.0,69.0,19.0,15.0,1.30335414522e-09,1.62222830853e-09,2.44523551332e-09,3.44963482978e-08,4.20496938714e-08,5.93527950817e-08,1.01260466376e-07,1.21879584852e-07,2.03297382956e-07,5.66858688727e-07,6.90119828547e-07,2.86130740854e-06,3.40851148958e-06,6.77261549197e-06,1.03339230378e-05,1.78614723241e-05,2.45273363056e-05,3.06668818107e-05,6.50198771473e-05,0.000126244154668,0.000184255201756,0.00966824629732,0.0104442381234,0.298828121146,0.338640356414,1.39910683653,2.25453281749,3.42585382439,15.1656609759,22.0634058593,inf,-9.33286981787,-8.91568075743,-8.55271576193,-7.9864791856,-7.62269647979,-7.24778993528,-7.41922468488,-6.92075131676,-6.76943838302,-7.47719257427,-6.35058545316,-6.89936567802,-5.55523768924,-5.68108743394,-5.07235363066,-5.27107068411,-4.98114431991,-4.43740868446,-4.74613793321,-4.17902191391,-4.3022593879,-4.35944658276,-1.59645385491,-1.8069130074,-0.260506058875,-1.32406909716,-0.326497704406,0.0360495832452,-0.327068360507,1.14941577324,1.11820087422
6,0.971532972065,0.158669139869,0.830942992246,0.0867734845606,0.876271580521,0.22577835891,0.785092705769,0.491243684857,0.472663997307,0.0756059431399,0.21594840049,0.594290291033,0.390084218906,0.272463465796,0.485464958619,0.768299238003,0.502299925298,0.379470566903,0.935190834494,0.504319263242,0.142622050692,0.564023663795,1.00561457797,0.661550672124,0.378554088096,0.0303251956702,1.0175222963,0.946766936089,0.65258346748,0.138839731081,0.991090466261,0.904149829387,0.8182808323,0.181895485897,0.111832084763,0.923909291356,0.18320773832,1.01114787333,1.20331613296,1.06262774756,0.686514899067,1.03923147831,0.17733439697,1.11364608113,0.835619235726,0.528376365012,0.783118055462,0.658142836913,0.393883567969,0.401282496949,1.19758293265,0.897621090075,1.20476917805,0.672070162428,0.511270924478,1.08913975076,0.62736831284,0.305405578343,0.600944835368,0.741832594858,0.0328146321535,0.585689376791,2.70803513985,29.6066999295,0.000846001761884,25.3223304592,0.0019905158548,26.7036843406,0.00137377707343,23.9250595482,0.0107868587206,14.4039235012,0.0131133879287,6.58072185785,0.0213463173314,11.8875072336,0.00505406641655,14.7934365267,0.0273698722263,15.3071919517,0.00288515274689,24.9754082729,0.684467704629,4.34629416671,0.00180798302088,30.6393359802,0.0398222112154,11.5361368771,7.75701864036e-05,31.0068882538,0.0287274310937,19.8869649204,0.0023255478664,17.848421218,29.6066999295,0.000846001761884,25.3223304592,0.0019905158548,26.7036843406,0.00137377707343,23.9250595482,0.0107868587206,14.4039235012,0.0131133879287,6.58072185785,0.0213463173314,11.8875072336,0.00505406641655,14.7934365267,0.0273698722263,15.3071919517,0.00288515275191,24.9754082569,0.684467705942,4.34629416349,0.00181898926448,30.5707381358,0.101232006877,8.16477409573,0.924134929019,0.00698292925207,26.4014584723,0.644162368138,4.23103115805,0.0,1.0,1.0,1.0,1.0,1.0,1.0,1.0,1.0,1.0,1.0,1.0,1.0,1.0,1.0,1.0,376.0,317.0,322.0,291.0,261.0,231.0,201.0,171.0,156.0,137.0,124.0,151.0,51.0,67.0,24.0,21.0,0.0,0.0,0.0,0.0,0.0,0.0,0.0,0.0,0.0,0.0,0.0,0.0,0.0,0.0,0.0,9.64327466553e-15,3.85730986621e-15,1.51045079633e-08,5.57905483899e-09,1.66620549687e-08,6.4396187409e-09,0.0527157657469,0.0194684801035,8.10384950208,3.00232454463,81.5208110055,72.9484108423,59.2666225453,29.7914631571,65.1984188121,inf,-inf,-inf,-inf,-inf,-inf,-inf,-inf,-inf,-inf,-inf,-inf,-inf,-inf,-inf,-inf,-16.5566497615,-14.1484097962,-11.2995389072,-7.79474106253,-8.8817327629,-8.49183501865,-4.95836087922,-1.16368953144,-1.21176234771,0.52780548805,-0.0343010700666,1.49136036748,1.4211551057,1.28426832364,0.626207451919,1.25159980663
7,0.408682378428,0.644199365382,0.42316591152,0.884824910889,0.942050725665,0.429464565437,0.705151597767,0.101000863984,0.76817049312,0.701027324669,0.574634628237,1.07250472627,0.419841980544,0.646239168488,0.793366069291,0.70867615104,0.87148530494,1.07737321343,0.119938136856,0.772467032991,0.399523772498,0.0823882552141,0.0910554240731,0.281064125585,0.558775362199,0.469797668842,0.340359069968,0.471382088998,0.323564289274,0.16699847958,0.896542281483,0.434220512033,0.212601020483,0.892898527024,0.370331330207,0.0750409209554,0.351414587042,0.0742587595288,0.0837813512975,0.941324722152,0.124330918,0.0446586664083,0.425101218849,1.0006423502,1.09225420354,1.1804063309,0.238686326975,0.139237440397,0.914077974769,0.218244869464,0.987327702122,0.584440858031,1.06488999932,1.05839894222,0.272558674012,0.953356638267,0.0666752126734,0.460604748121,0.151016697279,0.90971874426,0.152444710021,0.333773693653,0.265942169915,1.23328398545,2.75403506049,2.18275585596,2.51595956656,4.18961791646,2.54940343291,3.54112634863,0.596196572837,4.57663055351,2.02174901654,3.12542407956,6.68467985517,1.83219822424,1.884745695,2.30307997206,1.70974139773,4.10969097748,6.39958802684,0.337897817712,4.07819076859,1.48650701767,0.379480100979,0.299641660633,0.769999440459,2.82019436402,1.42911099758,2.06693470786,2.00126608725,1.8838392817,0.516605143272,2.18947376795,1.23328398545,2.75403506049,2.18275585596,2.51595956656,4.18961791646,2.54940343291,3.54112634863,0.596196572837,4.57663055351,2.02174901654,3.12542407956,6.68467985517,1.83219822424,1.884745695,2.30307997206,1.70974139773,4.10969097748,6.39958802684,0.337897817712,4.0781907686,1.48650701756,0.379480101224,0.299641658188,0.769999487851,2.82019324327,1.42912025853,2.06684079232,2.00587627983,1.83810457435,1.09546916753,0.0,1.0,1.0,1.0,1.0,1.0,1.0,1.0,1.0,1.0,1.0,1.0,1.0,1.0,1.0,1.0,71.0,69.0,84.0,70.0,95.0,64.0,104.0,53.0,46.0,40.0,33.0,27.0,20.0,14.0,6.0,5.0,0.0,0.0,0.0,0.0,0.0,0.0,0.0,0.0,0.0,0.0,0.0,0.0,0.0,0.0,1.92865493311e-15,1.92865493311e-15,1.15719295986e-14,1.29219880518e-13,5.08779171353e-12,3.35258087021e-11,6.45927752278e-10,5.61188440324e-09,7.08497770635e-08,5.34594853067e-07,3.45177627115e-06,5.62862618487e-05,0.000394670690956,0.0199861337479,0.213472653781,6.52882866002,inf,-inf,-inf,-inf,-inf,-inf,-inf,-inf,-inf,-inf,-inf,-inf,-inf,-inf,-inf,-15.3525297789,-15.3525297789,-14.2733485328,-13.0221160055,-12.7035602317,-10.8029625457,-9.95646388009,-9.61051655483,-8.61187362521,-7.32429911118,-5.95049271402,-5.03334453178,-4.02726253972,-2.33628093238,-1.33975409556,-0.237423440507,0.340339746284
8,0.259124372232,0.633492172613,0.285071794484,0.0979793825432,0.0877511765482,0.609744782617,0.0539721797918,0.181328067245,0.0989176766676,0.0990786447696,0.873263411201,0.669806886884,0.935666871759,0.198651953543,0.634762280222,0.213671642579,1.00885015352,0.858090534338,0.0680043496576,0.989471831702,0.106269580085,0.780116660918,0.386414350601,0.385435356626,0.216067338511,0.399097273478,0.914442543434,0.187586640511,0.581251346492,0.534867825377,0.0729538178578,1.00261207015,1.14980211995,0.670586288542,1.00568093061,0.448144777505,0.267270443644,0.682469403046,0.105418393017,0.886154180991,0.24742277391,0.0427497882944,0.0579925180619,0.315145676485,0.231411152087,0.200972190756,0.711840893718,1.08355004259,0.315767894244,0.0460759579351,0.243348140147,1.13612016387,0.432197264993,0.612015281974,0.411837904503,1.10740980357,0.348953122975,0.80140971444,0.317351324541,0.0796676037673,0.0834834221427,0.0389325546255,0.649599610758,2.68747674504,3.18866861255,1.63480828658,0.919445279652,0.255629123785,5.69089874255,0.493927871948,1.24961481973,1.12833867871,0.318246343631,5.64993333161,6.70188192458,10.5194860418,1.20423701552,5.69817514619,1.76220556377,3.48727655482,6.76845551135,0.321634811808,11.3801000863,0.851112045539,2.98922796549,2.62397084624,2.40353890671,1.87565861278,0.883004274142,8.40325756352,0.806644377824,3.43248073503,6.11029605515,0.466350727201,2.68747674504,3.18866861255,1.63480828658,0.919445279652,0.255629123785,5.69089874255,0.493927871948,1.24961481973,1.12833867871,0.318246343631,5.64993333161,6.70188192458,10.5194860418,1.20423701553,5.69817514603,1.76220556406,3.48727655198,6.76845552329,0.32163480925,11.3801003165,0.851111380301,2.98923881912,2.62394928134,2.40360911863,1.87548268062,0.883467508155,8.39493948661,0.811934920907,3.37891570464,6.40687470217,0.0,1.0,1.0,1.0,1.0,1.0,1.0,1.0,1.0,1.0,148.0,124.0,134.0,126.0,129.0,145.0,120.0,113.0,120.0,118.0,174.0,187.0,118.0,105.0,89.0,77.0,65.0,53.0,41.0,29.0,17.0,8.0,0.0,0.0,0.0,0.0,0.0,0.0,0.0,0.0,0.0,4.24304085283e-14,9.45040917222e-14,3.20156718896e-13,2.98555783645e-12,7.48337400591e-11,2.33236098367e-10,1.43284403741e-09,7.08122437699e-09,1.53226561938e-08,6.90715803734e-08,1.75706157947e-07,6.78898207389e-06,3.15376661288e-05,7.13846056571e-05,0.000253727589473,0.000814753267365,0.00455552095156,0.00860210219694,0.0567821879696,0.136615021,0.41167955101,inf,-inf,-inf,-inf,-inf,-inf,-inf,-inf,-inf,-inf,-14.8084617345,-13.2126506925,-12.6074549873,-11.4416920139,-10.9840104645,-9.81528256652,-9.5365587538,-8.54621953607,-7.92299069452,-8.59215186758,-6.63788123656,-6.17702307769,-4.96442493067,-4.66625252137,-4.15358911371,-3.75465476924,-3.33419955983,-2.07997706884,-2.2764997447,-1.27111864434,-0.527860120381,-0.331287341686
9,0.615563696219,0.565917465822,0.363888506355,0.493781484864,0.268141891967,0.931005913258,0.116919126475,0.848935305399,1.01536611596,0.0648298953206,0.269767689279,0.997170322801,0.319150333589,0.880883251882,0.827312370159,0.479367372353,0.492187820556,0.360579251672,0.86019868576,0.376819271207,0.784919005909,0.135975545499,1.04747006433,0.811525233482,0.197566551216,0.204447298229,0.67339849938,1.0557000484,0.55452319125,0.427597216115,1.05743191391,0.642189693536,0.0492068268153,0.980129178445,0.937785189609,0.325193972623,1.13425152573,0.360281810163,0.073117811509,0.455905423743,0.417139588461,0.60703638962,1.03141030169,0.193832218296,0.756342341746,0.933351558096,0.0728933869918,0.62565603847,0.826218269212,0.846225180509,0.80728596035,1.0092479482,0.194694222206,0.702543587368,0.117730229353,0.113053189403,0.796160053989,0.157374085416,0.787214436245,1.13709213023,0.0644596803146,0.50379336856,2.93288233756,0.0161057689235,8.64904868832,0.278227647724,7.65979358549,0.0382209013223,5.04204746386,1.81382953022,0.0112443913333,15.7519068908,0.0325892106128,4.16165011811,0.230333676388,4.95077232353,0.0394645182696,12.8344635015,0.0204580812052,7.63559194735,0.00447327902412,13.3447542275,0.00452138590166,12.1768988265,0.000681031922734,15.4485412854,0.637039405859,3.06495205593,0.0290284532023,10.3865715825,0.18671481635,8.60261164642,0.0139982717868,7.81563554305,0.0161057689235,8.64904868832,0.278227647724,7.65979358549,0.0382209013223,5.04204746386,1.81382953022,0.0112443913333,15.7519068908,0.0325892106132,4.1616501181,0.230333676441,4.95077232313,0.0394645319689,12.8344619781,0.0205561050663,7.62312325227,0.274002983915,3.22589196854,1.5759727866,1.48701076674,2.10759831506,0.0907628823788,10.2244855301,0.684703217124,3.17170820047,0.00360241036955,16.3774393217,0.0422971862675,6.6335609179,0.0,1.0,1.0,1.0,1.0,1.0,1.0,1.0,1.0,1.0,258.0,394.0,228.0,212.0,197.0,181.0,166.0,151.0,148.0,151.0,141.0,148.0,134.0,149.0,109.0,105.0,94.0,94.0,45.0,44.0,13.0,11.0,0.0,0.0,0.0,0.0,0.0,0.0,0.0,0.0,0.0,9.36709127906e-11,3.30070005251e-11,2.01194003885e-09,6.96362078774e-10,3.01511676003e-06,1.03101620806e-06,0.0415186128327,0.0141953935272,35.7425860778,12.3332152092,50.8455427635,18.264451692,69.8124074632,44.6195839681,24.1095033395,13.0184263389,40.7693866049,69.1975806893,38.8613443447,46.1663767979,53.5134460067,inf,-inf,-inf,-inf,-inf,-inf,-inf,-inf,-inf,-inf,-12.4541388777,-10.8009334142,-10.2728419253,-9.40130594934,-7.86330329085,-5.81717112112,-4.00866819506,-1.90417899558,-0.569393364209,1.0051316842,0.196300954405,1.02897315748,0.323647485687,1.18632839687,0.981702936486,0.37662236196,0.497300126776,1.01632156456,1.20926628307,0.932489718626,0.820829296592,0.892964299261
10,0.262225367714,0.983392004241,0.836707584762,0.433119126145,0.692784777782,0.635197322139,0.388568117479,0.830366762957,0.806361743935,0.637821364815,0.70505730074,0.480194075753,0.711660432817,0.733367691956,0.25417502862,0.584835461366,0.296517258895,0.520912656643,0.808581851762,0.23464908866,0.0857321034783,0.789673273433,0.53050484609,0.811261046094,0.475780189815,0.182759234358,0.414048162613,0.716997604751,0.652048132484,0.112613306906,0.192898717875,0.311616264982,0.0399456772844,0.416058086335,0.324916319778,0.212876113457,0.721943674325,0.873224953079,0.770180217697,0.35568398513,0.58440356392,0.490063292488,0.226825703807,0.684788480959,1.19833970158,0.436537186101,0.883131624847,0.815078173125,1.10200260857,0.223520136204,0.538084708788,1.17783350466,0.781870484767,0.403181131264,0.741821349046,0.457086304172,0.761179411766,0.1819366549,0.332694158661,1.11510599657,0.122961861663,0.207013480415,0.111868617562,1.72717901761,5.77723095823,6.51787810555,2.36894066716,4.07791069958,4.21240641537,1.72959448357,3.37053150126,3.46777711648,3.68154129227,3.48227918252,2.46990858522,4.58805078638,3.56193281744,0.872562945851,3.28773834255,1.22738988873,2.20281104279,3.04395092074,1.58546050317,0.434703545529,2.80566983651,2.23897474995,4.57904738983,2.22148433774,0.999471429689,1.76543130368,4.80757839552,4.07315417488,0.419721299652,1.68355844336,1.72717901761,5.77723095823,6.51787810555,2.36894066716,4.07791069958,4.21240641537,1.72959448357,3.37053150126,3.46777711648,3.68154129227,3.48227918252,2.46990858522,4.58805078638,3.56193281744,0.872562945851,3.28773834255,1.22738988873,2.20281104279,3.04395092074,1.58546050317,0.434703545529,2.80566983652,2.2389747498,4.57904739581,2.221484253,0.999472229891,1.76539272987,4.80955265811,3.98878908856,0.915839312963,0.0,1.0,1.0,1.0,1.0,1.0,1.0,1.0,1.0,1.0,1.0,1.0,1.0,1.0,1.0,1.0,1.0,1.0,1.0,1.0,75.0,79.0,74.0,64.0,293.0,244.0,40.0,32.0,24.0,16.0,6.0,6.0,0.0,0.0,0.0,0.0,0.0,0.0,0.0,0.0,0.0,0.0,0.0,0.0,0.0,0.0,0.0,0.0,0.0,0.0,0.0,3.27871338628e-14,1.62007014381e-12,3.84438787815e-11,6.10236064088e-10,1.13397735396e-08,3.31308438411e-07,6.95413703356e-06,0.000189784516239,0.00356618354659,0.18179551892,6.77716545957,inf,-inf,-inf,-inf,-inf,-inf,-inf,-inf,-inf,-inf,-inf,-inf,-inf,-inf,-inf,-inf,-inf,-inf,-inf,-inf,-14.2221960104,-13.0909695499,-10.9059460162,-9.80326773481,-8.22343477476,-7.07193856194,-6.09680050458,-4.41370745139,-2.70459508251,-1.07383724476,-0.304415004087,0.226228197165
11,0.786659326144,0.551841858445,0.186593585565,0.495190635657,0.505616726183,0.169750772736,0.0361529397801,0.451385728726,0.472552888394,0.724174401285,0.970972186994,0.69921640828,0.433884079789,0.555851707958,0.144722040879,0.19576255399,0.860577538515,0.0554326953402,1.05916451633,0.220299402742,1.05836870661,0.572340433392,0.0933981552088,0.498770912772,0.634626639474,0.729900800109,0.32731927448,0.917456383683,0.0856379736406,0.908436253954,0.314383565403,0.583351116373,1.02320890647,0.0472423117818,0.5199482037,0.319879333215,0.680606919384,0.245856922548,0.403367312822,0.133056162421,0.514526119367,0.323394802187,0.999380065913,0.493036313917,0.172819828235,0.940982533762,0.0645036797601,0.0718990043432,1.01703529786,0.164545846901,0.728931686314,0.303184650916,0.517131957648,0.660013290811,0.685255041102,0.623486117627,0.930831944278,0.581544711991,0.931401725793,1.09119285922,0.142272845663,0.600473480893,0.119365265719,4.09334025787,2.50401949542,0.601543836611,3.30759697653,2.3428797086,0.95152932416,0.144450231391,2.49672982238,2.24220767709,4.39479492355,4.26282329748,3.67390759804,1.43737707162,2.6306214515,0.87406549065,0.637376006643,5.7221172319,0.359473702891,3.63321757007,1.29635108774,4.05126840095,3.15919399421,0.420174890329,2.01917377611,2.49789075052,3.14733581966,1.09158108171,4.29235557932,0.29328614608,2.78119896766,4.22057686479,4.09334025787,2.50401949542,0.601543836611,3.30759697653,2.3428797086,0.95152932416,0.144450231391,2.49672982238,2.24220767709,4.39479492355,4.26282329748,3.67390759804,1.43737707162,2.6306214515,0.87406549065,0.637376006643,5.7221172319,0.359473702891,3.63321757007,1.29635108774,4.05126840094,3.15919399427,0.42017489004,2.01917380835,2.49788996262,3.14735472128,1.09143900074,4.30127119706,0.278398499054,6.38516963458,0.0,1.0,1.0,1.0,1.0,1.0,1.0,1.0,1.0,1.0,1.0,1.0,1.0,1.0,1.0,1.0,1.0,1.0,1.0,58.0,88.0,58.0,61.0,56.0,49.0,154.0,35.0,28.0,21.0,14.0,5.0,5.0,0.0,0.0,0.0,0.0,0.0,0.0,0.0,0.0,0.0,0.0,0.0,0.0,0.0,0.0,0.0,0.0,0.0,0.0,9.64327466553e-15,1.62007014381e-13,8.29900217715e-12,1.52683896433e-10,5.95820718339e-09,1.3867407839e-07,2.73976668812e-06,5.21637755304e-05,0.0011306352011,0.0180226815735,0.452493184886,7.21880760259,inf,-inf,-inf,-inf,-inf,-inf,-inf,-inf,-inf,-inf,-inf,-inf,-inf,-inf,-inf,-inf,-inf,-inf,-inf,-14.3982872694,-13.6161332766,-11.4122125573,-10.2554460828,-9.54026860394,-7.49164531851,-6.10352735474,-4.723500901,-3.84746406965,-2.04984856061,-1.82717393653,0.556781247555,0.625371814012
12,0.0284293623395,0.679389594517,0.139143079177,0.262363962824,0.641962332407,0.745477934462,0.378892450237,0.0301049001113,0.535681387457,0.82138246936,0.776108420252,0.212968487365,0.732175153545,0.381059240677,0.912656390891,0.167460619657,1.04187811118,0.982325532339,0.995624397855,0.148656697821,0.0940484289919,0.699957248426,0.371878979342,0.488142164006,0.163860742846,0.368947383368,0.314314129311,0.771731190863,0.679798737548,0.071205616343,0.688867417149,0.386111238848,0.405874833635,0.61193685875,0.0996089328863,0.891352855847,0.369472372934,0.358893641866,0.294337698949,0.388003303795,1.14777864771,0.516885940028,1.07625395538,1.16421186612,0.831174198077,0.250606413475,0.854042259367,0.141868079073,0.311513325375,0.932684514892,0.738205347309,0.296344321301,0.824258484917,0.588045805665,0.837909668745,0.55661520344,0.0410453695905,1.07439197304,0.435601448274,0.178722428924,0.033329042609,0.486171089325,2.35805158224,0.258490107965,1.66738600113,4.17477956875,0.0120123026137,19.2562288414,0.0810229562899,11.3682296282,0.00359124380335,16.0704067093,0.0378915953658,23.2859033874,0.00846271232216,21.9680299107,0.00400246903629,27.3830852113,0.00600248938227,31.198584212,0.0763238164299,28.5881474473,0.439916093125,2.63226838419,0.372688303486,9.18804845014,0.564894379217,4.89878013782,0.0992340607689,9.43060963072,0.0175872254449,20.3955712098,0.0213043035113,14.5870103449,0.258490107965,1.66738600113,4.17477956875,0.0120123026137,19.2562288414,0.0810229562899,11.3682296282,0.00359124380335,16.0704067093,0.0378915953658,23.2859033874,0.00846271232216,21.9680299107,0.00400246903631,27.3830852113,0.00600249021949,31.1985823644,0.0763247862689,28.5879929949,0.43993953401,2.63220239662,0.372747282668,9.18742075247,0.564987081102,4.89842557913,0.100076488953,9.39655597564,0.357391162291,5.65117033354,2.13644349699,0.0,1.0,1.0,1.0,1.0,1.0,1.0,1.0,1.0,1.0,1.0,1.0,1.0,1.0,215.0,292.0,435.0,437.0,320.0,297.0,271.0,239.0,210.0,180.0,150.0,120.0,90.0,62.0,51.0,52.0,28.0,21.0,0.0,0.0,0.0,0.0,0.0,0.0,0.0,0.0,0.0,0.0,0.0,0.0,0.0,3.22991841647e-11,1.37030932997e-11,1.21149077601e-06,5.14382224646e-07,0.000110370028951,4.69271259626e-05,0.000462814423259,0.000217746739205,0.00137446260415,0.000593412076949,0.0014252793383,0.000628680822843,0.0734259357296,0.0314212578271,26.1589295639,11.1479495046,40.0244814156,inf,-inf,-inf,-inf,-inf,-inf,-inf,-inf,-inf,-inf,-inf,-inf,-inf,-inf,-13.8272824563,-10.3645419334,-9.07716276411,-5.73339348193,-6.01330031292,-3.81120550997,-4.63002600186,-4.18053792298,-4.22930125373,-3.20224948484,-4.03291143164,-3.45031186265,-3.07446711209,-1.46783626717,-0.468771593858,1.16862713013,0.325338952785,1.16396629095
13,0.304136985876,0.156772940531,0.906856004171,0.419295872471,0.753219151635,0.12542855368,0.618205166894,0.259503565923,1.0184642011,0.638693236697,0.568087366226,0.514417783207,0.954690956534,0.287957756512,0.289288830209,0.0630283804941,0.850122124607,0.598050533396,0.0567679878573,1.05833682076,0.550167229215,0.253054534317,0.210506177454,0.566792587911,0.208490246524,0.846527811618,0.951339671859,0.618808707667,1.0653575715,0.51617568593,0.506191336402,1.15353672085,0.732279003218,1.18547466469,0.477367449079,1.12015147432,0.613978865863,0.700035393338,0.562735942631,0.461352510186,1.11611930482,0.533039085201,0.776180556976,0.209874658845,0.149861878545,0.0471849282268,0.402054012593,0.576196665497,0.856239722847,1.17445986088,0.761775818351,1.15695393886,0.138309455658,1.08884321213,0.382169295688,0.778242880808,0.0615706394344,0.295987454793,1.05280317755,0.894505583854,0.0669156423849,0.602067303723,1.13973698041,4.34280331571,0.123281362354,11.1437112961,0.342782205627,10.4949661156,0.191442430359,6.09625454372,0.857724307383,4.12639648335,3.94392393319,2.68178621774,1.78888770443,4.9474470378,2.17693509525,3.85435871652,0.832687473835,2.45233761904,7.80303814989,0.298702028327,1.95666574839,4.83847000683,0.927618140068,2.35884992149,2.16537422629,2.37030671044,0.842782827401,12.6307983583,1.86896488047,9.70864624141,0.646037425582,8.99740751586,4.34280331216,0.123281364338,11.14371113,0.342782230855,10.4949653986,0.191442600017,6.09624926436,0.857726223477,4.12638609866,3.943935881,2.68177407014,1.78889809696,4.94741417184,2.17695451953,3.85429764933,0.832794213646,2.44995914768,7.81127401442,0.296523772559,1.97611714007,4.79075049756,0.947289763152,2.30180546551,2.35247987645,2.14657074473,1.1574798254,9.33758210935,6.52964654276,1.34872391595,7.71382695486,0.0,213.0,228.0,213.0,250.0,444.0,248.0,364.0,312.0,331.0,313.0,300.0,285.0,270.0,255.0,240.0,225.0,210.0,195.0,180.0,165.0,150.0,135.0,121.0,105.0,92.0,75.0,66.0,48.0,49.0,14.0,10.0,7.0918840528e-09,1.39814245166e-07,1.29485978003e-07,6.39262465122e-07,5.93344754719e-07,7.69750070294e-06,7.52200279112e-06,1.94036316144e-05,2.18593628924e-05,2.63131826632e-05,3.93442797664e-05,5.04604285824e-05,5.77006872931e-05,7.75018083686e-05,0.000137617452205,0.00111334783809,0.00842835198166,0.0091628521652,0.0635730965823,0.0859208473658,0.086089997435,0.18227222471,0.212633869014,0.71985907728,0.861186797789,2.75595504585,2.62392736429,10.8657706476,17.1447123635,21.5402442847,inf,-8.45028248877,-8.70236545625,-6.77956171826,-7.59811681703,-6.14452617423,-6.77042617829,-5.27741791251,-5.71758308321,-4.9836063988,-4.92271173851,-4.9155095365,-4.98327903156,-4.48325360947,-4.71165505243,-4.21419210315,-3.97167357124,-2.62370207427,-2.08429080564,-2.66189112733,-1.71104932092,-1.32130403111,-1.70615980545,-1.24378655733,-0.727913097614,-0.650264197156,-0.50210739995,0.517620249581,0.668449440407,0.922202242298,0.849283608232,0.954117391245
14,0.401882900838,0.935404547089,0.196573568744,0.169400744431,0.136957365088,0.472030091097,0.267022318093,0.753455403505,0.456233234636,0.183242377591,0.76631925053,1.03923967764,0.341591901575,0.546180700354,0.21501342024,0.0325140778892,0.45669406332,0.355207529649,0.776856337953,0.238212605062,0.490843037586,1.02003203046,0.505137158535,0.836236257477,0.484071404291,0.337527363607,0.138847769647,0.0336406063595,0.327125648562,0.140229082092,1.01328651464,0.761285313858,0.153771436662,0.805532662082,0.566177022946,0.272607977529,0.579238770715,0.541450375474,0.967349543851,0.961331429504,0.255511986955,0.81148900204,0.644175064895,0.0576499881995,0.931398718922,0.710913997022,1.02245412713,1.16382387619,1.058378791,0.766045261246,0.935275913977,0.46576945012,0.521022516838,0.0548118193294,1.1134577975,1.08272013253,0.191492627518,0.934682444298,0.250319438828,0.854931545886,0.0290609095777,0.590840739407,1.65738062658,0.25974854649,10.792403423,1.78151388993,5.75590782868,0.0818700222907,16.0869955419,0.133487671576,17.7053417941,0.911477960489,5.48099968788,0.326553061156,31.9874340969,0.312363680597,11.4498889579,4.27890810219,0.862656856998,0.590537749062,6.98194615768,0.767513230754,8.08816271797,0.0872831503557,24.8819971717,0.926823025098,8.40662019386,9.83584910912,0.751513920811,4.77618015602,0.0220175880638,11.2440783061,0.0380225102305,20.3311165408,0.259748540418,10.7924035782,1.78151386668,5.7559078902,0.08186998028,16.0870006106,0.133485025702,17.7055566626,0.911456913427,5.48108075915,0.326530772214,31.9887680124,0.312289192404,11.4515816798,4.27793146997,0.862938627104,0.590029472493,6.98571612798,0.766930235909,8.09198146417,0.0853981638461,25.2136450099,0.901324148307,8.55731220996,9.68747368949,0.768349276821,4.70835220728,0.212966764578,2.55883906113,4.82535075912,0.0,483.0,470.0,482.0,406.0,469.0,483.0,470.0,500.0,486.0,500.0,500.0,500.0,500.0,500.0,500.0,467.0,432.0,398.0,363.0,329.0,294.0,259.0,225.0,189.0,156.0,121.0,88.0,67.0,71.0,28.0,24.0,2.03050416769e-07,1.24858041339e-07,1.13335439177e-07,9.28317564623e-08,4.45706883077e-06,2.73676764222e-06,0.000172165685127,0.000105409545255,0.000200569386574,0.00012847490665,0.000592877304482,0.000362204772166,0.00207153847608,0.00128400446363,0.00198272261394,0.00283661389632,0.00747917505214,0.00468876552727,0.0066002159488,0.00409998926118,0.189637601893,0.115007952065,0.242316151815,0.154319012777,0.132026432856,0.192433142246,0.124235143796,19.7108418203,12.8576177957,42.0697620533,inf,-8.21665730181,-6.8092796131,-7.63365936613,-7.21100390241,-7.37664016878,-5.29510137072,-5.5774308582,-3.66782741692,-4.67680850305,-4.09113300695,-4.65191054381,-2.8748716797,-4.12791255874,-2.7714143981,-3.01026895485,-3.55010508481,-3.29389991047,-2.42366207182,-3.23433528591,-2.41807920417,-2.72469175358,-0.479322829215,-1.59347894954,-0.821909756693,-0.828638039788,-1.77377769532,-1.16859131671,-0.71908221022,0.938781786092,0.680093206424,1.3081612298
15,0.578080866055,0.799104742374,0.598013318722,0.875463445459,0.382133157191,0.460737729581,0.0530252590384,0.0866280436651,0.727808700785,0.253510493193,0.549732365389,0.958379052224,1.01801418753,0.193779020802,0.167761767012,0.386628520493,0.877226100782,0.0451864287674,0.67829041424,0.251500562655,0.15076722279,0.552585430204,0.85973924481,1.04073552094,0.606638986812,0.920641385668,0.715196499602,0.693163932986,0.890875895463,0.507136665536,0.815053734621,0.502038543368,0.0626078211567,0.0493917018,0.132198446029,0.999303836075,0.240014047424,0.747421291949,0.794417098604,0.125085869229,0.701513944173,0.988130987068,0.0527922645005,0.404144679806,0.079034199913,0.328993734823,0.0934006665573,1.15268960229,0.707480011751,0.731481597286,0.607218542082,1.0362726905,0.201468930411,0.632865926242,0.295141859615,0.915281569169,0.115448792459,1.008905703,1.03660613566,0.868090339131,0.00489142519802,0.591525978789,0.154307659511,45.3891080747,80.3501950323,107.480626012,163.647580966,63.3514928456,39.5451324299,8.1723555779,7.34372907168,61.601994475,42.2182781176,48.3973497775,60.7832460606,191.650013731,23.5371659095,30.0152975831,45.9273291659,161.560268217,2.89475359496,64.2606748261,24.3559239228,15.0114421203,35.4939130021,124.947332887,94.855620677,79.4300139717,64.5017247889,120.822841088,48.5195533128,64.8620964829,36.7739609314,120.931212242,45.3891080747,80.3501950323,107.480626012,163.647580966,63.3514928456,39.5451324299,8.1723555779,7.34372907168,61.601994475,42.2182781176,48.3973497775,60.7832460606,191.650013731,23.5371659095,30.0152975831,45.9273291659,161.560268217,2.89475359496,64.2606748261,24.3559239229,15.0114421195,35.4939130253,124.947332116,94.855633789,79.4298855754,64.5036041336,120.78813795,49.0421236194,58.3463427573,103.678712237,0.0,1.0,1.0,1.0,1.0,1.0,1.0,1.0,1.0,1.0,1.0,1.0,1.0,1.0,1.0,1.0,1.0,1.0,1.0,1.0,481.0,500.0,500.0,500.0,500.0,500.0,500.0,500.0,500.0,429.0,158.0,142.0,0.0,0.0,0.0,0.0,0.0,0.0,0.0,0.0,0.0,0.0,0.0,0.0,0.0,0.0,0.0,0.0,5.78596479932e-15,3.20156718896e-13,3.01641631538e-12,3.6440006306e-11,4.4871121345e-10,5.66867364771e-09,5.35659855692e-08,1.20066520266e-06,1.40404962672e-05,0.000253071410503,0.00249514843647,0.0930494752085,0.919546858834,9.00298367949,inf,-inf,-inf,-inf,-inf,-inf,-inf,-inf,-inf,-inf,-inf,-inf,-inf,-inf,-inf,-inf,-inf,-12.9442898136,-12.9723185372,-10.6514801481,-9.99062070993,-9.11042584676,-7.63517900764,-6.11319821269,-4.88232928289,-3.89144756062,-2.7259935666,-1.45963125353,-0.281855271352,0.813964661025,1.82545696071,2.08253840636
16,0.220799568421,0.610593402549,1.0754328797,0.397641905738,0.521751801415,0.743391041152,0.179040755645,0.488617498727,0.696224671621,0.161010048221,0.646475421735,0.515913133508,0.116699505212,0.580120774141,0.474698034932,0.229850628025,1.04965763615,0.106659617102,0.878689687909,0.543533269475,0.0898665010103,0.837539658378,0.601683302322,0.545598437378,0.584817857389,0.840047230198,0.131326556761,0.774521026386,0.862270862077,0.0464939108127,0.663496104863,0.669340363207,0.612748242176,1.18143999114,0.0492910547359,0.512438392117,1.15718450225,0.766665385052,0.145411075886,0.549084389116,0.122713416226,0.617002262723,0.344648113307,0.390630136805,0.849454479512,0.848089294756,1.07762360306,0.348231425036,0.957071442031,0.951726491314,0.965397728505,0.136231895708,0.368638939497,0.489376912809,0.474718053339,0.0890802209553,0.136203188988,1.18566205288,0.282929137771,0.215983349286,0.127893356057,0.356875758747,1.41172396381,1.44635110505,0.417979940105,6.99162531812,0.456758072225,3.08927729938,3.7669894211,1.04193115738,0.423093049629,5.27954471252,0.335441032136,3.13311195379,3.12613911263,0.586340681963,1.40360857561,3.43656832188,0.187668562192,5.14993688112,0.655526804153,0.839925800389,4.16803856048,0.0639948443573,5.23086155719,1.54577309857,3.36399774121,0.653021520386,6.03289690841,0.997405599701,0.338495611538,6.56480741972,0.189384962859,2.79041671709,1.44635110505,0.417979940106,6.9916253181,0.456758072228,3.08927729936,3.76698942117,1.04193115734,0.423093049672,5.27954471209,0.33544103278,3.13311194799,3.12613912341,0.586340675594,1.40360860583,3.436568246,0.187668601799,5.14993602146,0.655527012229,0.839924917786,4.16804209505,0.0639928484957,5.23098869999,1.54564084865,3.36430139792,0.652824055452,6.03440479918,0.995238928378,0.356508034415,6.31395957994,0.363536560819,0.0,115.0,140.0,109.0,120.0,114.0,141.0,103.0,168.0,132.0,102.0,455.0,328.0,343.0,306.0,187.0,221.0,102.0,114.0,98.0,90.0,83.0,74.0,67.0,59.0,51.0,43.0,35.0,27.0,20.0,12.0,5.0,4.62877183945e-12,2.0210375044e-11,1.56896078808e-11,6.59387835077e-11,5.47525848958e-11,1.59773631967e-10,3.2159163816e-10,8.90805211803e-10,7.0958686565e-10,1.66595168588e-08,1.60872290102e-08,2.99745358204e-08,9.43505394186e-08,1.86990252919e-07,1.91808291277e-07,1.83312667876e-06,1.44990480962e-06,2.75704578185e-06,9.12722953465e-06,7.3657833952e-06,0.00027089845387,0.000211119139495,0.00074316040099,0.000784010526705,0.00262689351563,0.0021707210534,0.0188889439596,0.450325582804,0.338403862617,5.66405202426,inf,-12.1131051609,-12.012085664,-10.8986001868,-11.4599830215,-10.7105502772,-10.1593133202,-10.4136699562,-10.3625952103,-9.36521216176,-9.19153573035,-8.2363571449,-7.96705354499,-8.19591989415,-7.51974931903,-7.11982195281,-7.40223025646,-6.0656729462,-6.68177980563,-6.05423464085,-5.45166345115,-5.69986956592,-3.895708196,-3.87860458055,-3.51761711716,-3.70451001544,-2.82163011535,-2.66420696472,-1.74442786567,-0.600589634631,-0.759072536239,0.445669065072
17,0.695042119056,0.643162003717,0.728653054715,0.285907516295,0.554808037093,0.533574366243,0.836146821948,0.906836325011,0.713647994403,0.780374074201,0.211127916311,0.440552336175,0.101927672464,0.287448069093,0.377364723722,0.722208369295,0.0475826691676,0.691950770345,0.82677687845,0.395640652335,0.688147593437,0.247655369882,1.00187174951,0.66010647392,0.976432400052,0.670946067699,0.905549884773,0.0830346659558,1.0477644728,0.227833264389,0.224783775703,0.690481626001,0.343333126246,0.572356749558,0.797642031474,0.995900142219,0.413435032029,1.11188467533,0.143825489557,0.694382609896,0.251974616157,0.524939604594,0.913134469062,0.443619589018,1.02510096644,0.640040922184,0.891446453409,0.988423285356,0.668016007577,0.734950233157,0.0737174132375,0.67036188793,1.06426152706,0.907168387467,0.236108491578,0.435754728532,0.887545357292,0.664412376622,1.01347095802,0.542016343599,0.142427175543,0.567592587666,1.56845358704,4.51811426288,0.517915415964,4.66053971128,0.448805442984,3.15661842936,0.457590847843,3.525714913,1.35409409567,2.1530580956,4.1240290189,0.62060876917,2.96873206382,0.19958812732,1.94178567103,0.213447563843,4.64839412967,0.288023294091,0.334388163676,5.30252966108,0.287864779031,4.81591106689,0.13673246078,6.19705158988,0.268216991744,6.30211369282,0.532352824654,6.31708515916,0.0434032727356,6.47229192988,0.278682971638,3.98514248072,4.51811426287,0.517915415974,4.66053971122,0.448805443028,3.15661842911,0.457590847966,3.52571491231,1.35409409609,2.15305809506,4.12402902007,0.620608768717,2.9687320662,0.199588124784,1.94178569284,0.21344752347,4.64839473936,0.288023004898,0.334389716285,5.30251280365,0.287871521,4.81583084202,0.137179988069,6.18305282939,0.271458841947,6.25106370693,0.566080154133,6.04314907667,0.16402691391,2.3597761359,1.59964742346,0.0,91.0,90.0,91.0,109.0,442.0,307.0,350.0,399.0,317.0,94.0,292.0,95.0,219.0,92.0,130.0,95.0,102.0,86.0,80.0,73.0,66.0,59.0,52.0,45.0,38.0,31.0,24.0,19.0,18.0,9.0,5.0,1.91708300351e-11,1.64834422511e-10,1.18710639787e-10,8.50187738915e-10,6.98142227278e-10,2.34703033281e-09,1.70460501802e-09,2.72083451721e-09,2.20330889589e-09,2.46319900536e-09,6.34998450295e-09,6.96423216885e-09,1.10365216114e-07,9.7579817486e-08,1.64292799589e-06,1.13926236346e-06,8.72115610125e-06,4.03296522098e-05,2.76136123155e-05,0.000203426458354,0.000144693313304,0.0283826172679,0.0196430880362,0.104354095665,0.0706461756704,0.533567334243,0.385068473863,11.5478527216,8.76374585707,15.17827676,inf,-11.0012360606,-11.0075091173,-10.1958897804,-10.3572418296,-9.59564807087,-9.90781843089,-9.15994337085,-9.37246342778,-9.26268328348,-8.93199315795,-9.34322370745,-8.62337001275,-8.59584739144,-7.66125301312,-7.39390461559,-6.21488758398,-6.53881285188,-5.80893792557,-4.77320866753,-5.17121325206,-4.09569100429,-3.34918047753,-1.85391041693,-2.48920705655,-1.2920043736,-1.47201804477,-0.562350759302,-0.91856756595,0.614107578855,0.120891130571,0.600443853331
18,0.426679290248,0.43953232904,0.808164427329,0.208189846202,1.01366805718,0.906481230543,0.951739588547,0.190477989007,0.0278366021111,0.090647167287,0.263469240227,0.544174632933,0.742017756156,0.390930193882,0.183048308977,0.666148554446,0.695275645595,0.465627897391,0.047645751976,0.101330450185,0.0684403193812,0.284644088304,0.914141612234,0.755577832204,0.306821818306,0.503001435149,0.0569781542628,0.987745510788,0.615846946855,0.58577198645,0.537745794212,0.976342247559,0.83512793569,0.179819562899,0.050345765534,0.648107517897,0.795834736636,0.673455653209,0.391545811419,0.556344855139,0.102511858625,0.501287371915,1.19259855361,0.899041103122,0.960722447951,1.10391819202,0.462761118679,0.147910429633,0.374285504623,0.608152136606,0.595648507278,1.13622074916,0.968592708325,0.235807980109,0.527553839622,1.02825697457,0.113318919863,0.0519220254884,0.416079787023,0.149595711106,0.159120020914,0.166274010009,0.804873798194,1.84278037599,0.812833869155,3.05440693691,0.750449527302,5.83261947495,2.12102772882,3.27969891882,1.04372456961,0.150826950216,0.328626994349,1.40983459571,1.93594681124,1.69493920334,1.61181322073,0.511663181746,1.38450979416,2.12344332314,2.79294594385,0.245341127125,0.51812667059,0.297284204564,0.699643368123,1.4788879626,3.88020756913,0.936966079549,2.37392573975,0.245119918032,5.71422318847,1.88087989672,3.18733074841,1.04495970434,1.84278037599,0.812833869155,3.05440693691,0.750449527302,5.83261947495,2.12102772882,3.27969891882,1.04372456961,0.150826950216,0.328626994349,1.40983459571,1.93594681125,1.69493920332,1.61181322076,0.511663181711,1.38450979438,2.12344332254,2.79294594578,0.245341122494,0.518126737861,0.297283947266,0.699645804216,1.47887745547,3.88025369431,0.936890401457,2.37438918251,0.244881245466,5.73616570212,1.76906224891,3.68132170349,0.0,1.0,1.0,1.0,1.0,1.0,67.0,82.0,67.0,64.0,66.0,64.0,66.0,65.0,64.0,56.0,54.0,173.0,386.0,167.0,160.0,71.0,64.0,52.0,47.0,41.0,35.0,28.0,22.0,16.0,9.0,4.0,0.0,0.0,0.0,0.0,0.0,1.92865493311e-15,3.85730986621e-15,1.35005845317e-14,1.33077190384e-13,1.20733798812e-12,3.54679642198e-12,2.9666570181e-11,8.49398919085e-11,1.65787178048e-10,5.98876286533e-10,1.3401200942e-09,2.48772763879e-09,6.01292119515e-09,1.6397145203e-07,1.12774119756e-06,7.51759501031e-06,3.02434050082e-05,6.17113199279e-05,0.000103251118795,0.000701581540058,0.00169551207422,0.00846154615663,0.0332897837852,0.532358994158,1.25153277641,inf,-inf,-inf,-inf,-inf,-inf,-15.3525297789,-14.7504697875,-14.8084617345,-14.6375716691,-13.3402199306,-12.2399247773,-11.1796642489,-10.7805532341,-10.5119469753,-10.4524932769,-9.67037431927,-9.21597091347,-8.7136662914,-8.3342757144,-7.17216888462,-6.5895637346,-5.61330614363,-4.9785157402,-4.33606200095,-4.12102982433,-3.33400390222,-3.62219749791,-1.65871362288,-0.951489647788,-0.306281002892,0.0190995435393
19,0.696999533545,0.22820986826,0.947712447919,0.270879640937,0.87935580081,0.105558929017,0.590224676592,0.670265923397,0.532516133953,0.355133105062,0.754252392354,0.396514276823,0.115775355566,0.926327017972,0.209939439472,0.796298494805,0.489870827119,0.287666680179,0.0488953365956,0.367482362837,0.802378664589,0.339331028256,0.521725281062,0.810190768595,0.422609540848,0.789898007368,0.344725919433,0.767846567675,0.752742135891,0.475856325457,0.831701973404,0.405374553037,0.568615686415,0.236648101402,0.248303671981,0.52589052112,1.08306044448,1.02683131171,0.178107882899,0.187187829344,0.0707116241882,0.0473969919784,1.04116270439,0.271628607824,0.594102167185,0.252958944827,0.465996266311,0.772427865587,0.636927024499,0.0640906850784,1.18424720088,0.187929816973,1.18725251547,0.144941777572,0.427581104595,0.94149369697,0.189768614592,0.558080791019,0.826080702704,0.366991141969,0.136514618666,0.388000761987,0.115184004749,2.76963991396,1.1294327823,4.3450658089,1.54248386658,5.24177793482,0.492898963186,1.97472248779,2.25551045386,3.26636797373,2.12202344416,5.11783430425,2.78659738078,0.374755385601,5.34980241674,0.900646529829,4.55658915885,2.42546904716,1.28081198453,0.209672941843,2.51238597252,2.56874906532,2.07491988734,1.57068627882,5.12608790717,2.08806061058,2.85893476947,2.07176157169,3.45002921903,2.87703426733,2.46532375262,2.84219203612,2.76963991396,1.1294327823,4.3450658089,1.54248386658,5.24177793482,0.492898963186,1.97472248779,2.25551045386,3.26636797373,2.12202344416,5.11783430425,2.78659738078,0.374755385601,5.34980241674,0.900646529829,4.55658915885,2.42546904716,1.28081198453,0.209672941843,2.51238597252,2.56874906532,2.07491988734,1.57068627875,5.12608791029,2.08806052963,2.85893772567,2.07172480909,3.452990309,2.82210243367,3.48575361456,0.0,1.0,1.0,1.0,1.0,1.0,1.0,1.0,1.0,1.0,1.0,1.0,1.0,1.0,1.0,1.0,1.0,1.0,1.0,1.0,40.0,150.0,65.0,426.0,277.0,43.0,36.0,28.0,21.0,14.0,6.0,5.0,0.0,0.0,0.0,0.0,0.0,0.0,0.0,0.0,0.0,0.0,0.0,0.0,0.0,0.0,0.0,0.0,0.0,0.0,0.0,3.85730986621e-15,4.41661979681e-13,6.82358115333e-12,3.5858902574e-10,5.28539783906e-09,3.36732245964e-07,8.98139121341e-06,0.000154129074935,0.00745172518367,0.167445227678,3.00845452725,inf,-inf,-inf,-inf,-inf,-inf,-inf,-inf,-inf,-inf,-inf,-inf,-inf,-inf,-inf,-inf,-inf,-inf,-inf,-inf,-15.0514997832,-12.8841824485,-11.7877453944,-10.1881278446,-8.50595059338,-7.09178650847,-5.52926622206,-4.43459381511,-2.52854839736,-1.26017590375,0.00878315935204,0.453653418211
20,0.327666510768,1.03827137251,0.529096499567,0.503053632923,0.444053867822,0.272319017848,0.754479400762,0.112255732048,0.6252857249,0.53100651849,0.470889593811,0.638191256893,0.488061026408,0.383937532998,0.720156950554,0.934376174339,0.0340136292136,0.619367777492,1.0552026653,0.602019922872,0.375868140384,0.727540914576,0.756753284328,0.467605152949,1.03202474785,0.438198303198,0.952237519956,0.757073899708,0.94512547171,0.885337810909,0.900776239544,0.602924705534,0.960684890596,0.557406106818,1.1994086125,0.904839553025,0.496784797106,0.562826539787,0.727802402146,0.633487341766,0.531335766807,1.2022916532,0.426165948882,0.43545054716,0.779954786095,0.593935926044,0.568878531673,0.540296556684,1.00884676774,0.656014054771,0.45073880682,0.885745913406,0.149423994966,0.108091499907,0.486553240897,0.193128294,0.478233804464,0.866761564335,1.15933259281,0.492853128282,0.035787534715,0.299095253706,2.30097421208,9.1082339618,0.106719146838,14.2154608332,0.251262282003,7.35327705603,0.78512302915,2.67307770368,3.13507227096,0.0483169132795,14.8339455697,0.0335405703314,17.6219731499,0.134851650637,10.7257940825,0.0375576871595,17.0832988504,0.950405316366,0.0135047710096,29.286334397,0.113784583274,10.5021512698,0.0204760723177,21.1421110595,0.0526585495169,28.8319730078,0.0332684324408,26.6070061861,0.0169529286244,23.5735365928,0.373572105678,8.35752605169,9.10823396179,0.106719146847,14.2154608327,0.251262282108,7.35327705467,0.785123029306,2.67307770343,3.13507227111,0.0483169113783,14.8339458241,0.0335395955842,17.6221962922,0.134788854794,10.727987153,0.014168484512,26.1089700846,0.00236116884501,17.2996915107,0.0441150496893,16.819122333,0.0279379824534,18.5797304377,0.377546533172,13.0371627926,0.18488719978,12.2420916486,0.0495320292117,21.1536600642,0.0141641845662,24.7387202823,0.0,1.0,1.0,1.0,493.0,489.0,497.0,500.0,500.0,500.0,500.0,500.0,500.0,500.0,500.0,500.0,498.0,457.0,379.0,407.0,317.0,328.0,250.0,276.0,220.0,235.0,168.0,185.0,102.0,137.0,27.0,19.0,8.86024076269e-12,7.39704741083e-10,3.22660112993e-10,3.64408356201e-09,1.61253681749e-09,1.72028112531e-09,8.33647594211e-10,4.14909607094e-10,3.4178317317e-07,1.48950366365e-07,0.000252430702553,0.000109986370914,0.00404566638041,0.00177579584545,8.46750880705,3.68436004507,52.0956362561,62.1510226851,56.4415648839,43.3943981223,51.5016645838,59.1558550811,34.9635572628,47.8742839249,43.859350357,51.3164657684,54.6021978042,61.9228157498,64.4246632951,36.420055795,inf,-11.0319680987,-11.0415133877,-9.27730701702,-9.97709868897,-8.86482365523,-9.80827719857,-9.59082064549,-9.82461387908,-8.72096445707,-6.59451604881,-6.01110799854,-3.65141814972,-4.20206911145,-2.65894742074,-1.63098458331,0.955479510019,-0.0231714384232,1.2376992003,1.46601033045,1.22285526066,1.02012141323,1.26856052406,1.31732282753,1.11342537263,1.45708044893,1.08667380519,1.42418676754,1.32503732998,1.37216371722,1.38676905689,0.922077739029
21,0.177995540008,0.698972386427,0.11570667325,0.753738331442,0.580884537115,1.00077864767,0.985685981262,0.541337941294,0.834234586832,0.4748289856,0.849812264592,1.0561971502,0.718417627907,0.562673148354,0.674388753831,0.264086357425,0.321968722701,0.650493146833,0.135474704925,0.992366267129,0.781230177154,0.449165894121,0.54390978301,0.820536673257,0.939029130079,0.110360195971,1.07438551559,0.648808988036,0.992025595621,0.352471235329,0.681873816896,0.786370745032,0.450609463304,0.384367671836,0.791130981212,0.149643443757,1.12108180292,0.910247902254,0.608576099047,0.866342164055,0.0924674907226,0.506119199439,0.868437430978,0.556300249314,0.266874963159,0.147767272682,0.312981862892,0.765869494848,0.657749688228,0.901751461454,0.965680201229,0.616078481146,0.895916215605,0.793604347541,1.042905086,0.464515178679,1.13004672947,0.646288052747,0.3757260952,0.223110691009,0.0389746879928,0.385352888986,1.84280159998,0.716848546833,3.06479374564,2.68432980373,0.455889845975,12.6743112564,0.442285516868,25.1605494578,0.0539378798707,21.3533593022,0.049547051766,21.3890087614,0.428671396722,13.613141424,0.614533129154,7.44550021236,2.38482079362,3.9309039356,1.97947513105,3.43208666413,0.117850026519,19.5043901949,0.145542899719,13.8502074457,0.0751460278212,24.084019416,0.0137272752968,27.2581500581,0.0821750992861,22.5623470156,0.557758995647,9.88726039467,0.0326129208799,17.9147842469,0.0278809723431,19.3082624256,0.0510857182167,24.6631141325,0.496205431292,7.84984494679,0.91281071862,7.08389324371,0.904346072731,20.0069875005,0.82430804824,5.6855593275,1.73719096739,6.73131011696,0.185337270016,14.5639843251,0.406797093011,3.75823988322,2.73922114727,2.77109762868,2.42786291853,2.47180531418,3.38747648398,2.61060597116,0.396981173508,9.270872926,1.11941041663,9.04359350854,0.0,500.0,500.0,500.0,500.0,500.0,457.0,477.0,408.0,447.0,387.0,438.0,366.0,418.0,332.0,357.0,300.0,280.0,201.0,201.0,156.0,180.0,137.0,151.0,115.0,132.0,96.0,128.0,55.0,86.0,28.0,18.0,26.8407542469,15.3362065898,39.6705591541,32.5376654713,47.8924972964,34.926903891,34.1011721486,43.2593441356,27.3817095332,43.1050838035,27.4771200288,33.3811438963,24.3573763236,19.3245579043,12.6409263558,9.01287699198,26.530593378,17.3346030587,18.5236080995,30.0730962495,17.0501056159,25.5932160676,15.1246423234,30.3421646529,17.0370535931,45.5831396719,36.7345293364,41.047607817,26.0878986124,24.1978890009,inf,-0.164794317243,1.17172617586,0.424301454931,1.27536601414,1.10117034179,1.38418899665,1.39206956945,0.891866653359,1.31049254722,0.847223738099,1.31142881702,1.29177533617,1.10683092903,0.705095854241,0.756507492779,0.638138617168,0.573517531279,1.09983628238,0.480766950268,0.561147895613,1.22440793689,0.419221075465,1.05775525546,0.379606298292,1.3158978087,0.41445166355,1.42912490741,0.963253969847,1.3312842615,0.928694558088,0.995075972052
22,0.903115642829,0.75190294727,1.04213104971,0.178203728708,0.48703525627,0.384676127716,0.467021106405,0.682124758656,0.369117613057,0.126546328182,0.883501281916,0.572696718352,0.673671958031,0.438776928278,0.222842649027,0.499451053911,0.273010635869,0.830735524438,1.05222477895,0.763310196696,0.408678198174,0.962150379773,0.650235685187,0.611542937129,0.912224845991,0.0534087968535,0.34001528526,0.8201305411,0.0821047194538,0.958474239636,0.602352833669,0.415088294617,0.251629205144,1.14167387475,0.823493044672,0.731274994725,0.229016208886,0.321014190575,0.596374249879,0.597249709915,0.856599637524,0.999595597136,0.295045725283,0.87897902855,0.23297372036,0.912112934737,0.209207508346,0.0517525643606,0.581594315772,0.600463077948,0.716272437036,1.05729312179,0.214085493405,0.130805145055,0.678610634912,1.20513050795,0.391809269699,0.972876830818,1.20368100804,0.342444897055,0.0101840660127,0.249855664159,1.30834268413,74.0230009928,0.427250370051,100.037279379,0.160177413681,32.4312592747,0.656258550244,27.7560561794,2.22529385315,31.3370737532,0.359870486191,21.7273383224,2.60171645868,10.1062267906,9.41425858407,2.92310194462,12.7111186322,2.39410130297,19.5035472907,23.2940931414,3.88666169926,13.6127846332,2.14828211919,16.9759860808,7.05959086343,22.0945121996,3.15723756554,0.631927324839,41.8355051871,0.962114398456,3.99871281675,24.5339792425,73.8615300788,0.431563192554,99.2678047887,0.201021267289,27.2136800598,0.937983794927,21.0022629757,3.50904950585,21.7884485807,1.08491195561,8.915261569,5.89731426478,5.15111740525,16.8119452783,1.55242762257,21.747865842,1.27627286511,32.6428206388,13.1017391613,6.61284043071,8.80131023771,3.40568161381,11.812231574,10.0891465045,16.0773497682,4.29725417209,0.27293314649,80.1391560597,0.0174891915933,94.1150851187,0.0,481.0,500.0,483.0,500.0,483.0,474.0,484.0,474.0,500.0,483.0,500.0,484.0,500.0,484.0,500.0,500.0,500.0,500.0,500.0,500.0,500.0,500.0,500.0,500.0,500.0,500.0,500.0,500.0,459.0,88.0,68.0,0.0189677593117,0.0872389930353,0.0670690826053,1.97281459112,1.5235307516,3.10240721164,2.42183331477,3.95604254024,3.15664263567,9.58496528965,7.73744874536,7.10788614746,5.85375182717,5.03663689432,5.4966520051,4.66465746557,5.46397974454,4.47348142041,4.99833717449,4.61622605123,3.78799287819,4.00225462078,3.1500611584,3.10149792201,2.76139915211,2.67767560802,7.29221705815,5.64599493784,34.8091395729,27.4347804933,inf,-0.791905696555,-2.36523841511,-0.113805717049,-1.38887328906,0.717469051374,-0.550174235245,0.829547758717,0.108482368916,0.979940845616,-0.139637152842,1.10761953173,0.517934205074,0.695053246092,0.869095934192,0.136934276863,0.956012133676,0.0483751539917,1.11857134775,1.00827449828,0.435554325283,0.682278179016,0.099473281461,0.712965587024,0.481378933189,0.779391735295,0.0569111777204,-0.444912594127,1.58324017027,-0.0247404696685,1.95480370057,1.38976799349
23,0.845609669417,1.05390959826,0.833392339166,0.949855269034,0.298579854804,0.771690801173,0.22685505553,0.52496021918,0.94869465399,0.448288688986,0.969257678968,1.05228492558,0.176708491694,0.914405757073,0.364313837699,0.682519254569,0.637048258834,0.586474267157,0.841858374519,0.456740587904,1.03967891884,0.345347158133,0.160179604248,0.660464055173,0.508832192254,0.706418852321,0.486396893571,0.805245490549,0.886932494562,0.760819040602,0.957050306008,0.890860487027,0.6078910931,1.12387865336,0.780687040897,0.0328717013786,0.644437533819,0.382035786626,1.1206285607,0.224782461883,0.629973768724,0.713517325818,0.275748828167,0.975277637402,1.06009891444,0.733504764935,0.44807665488,0.894524371413,0.55548057928,0.315235799152,0.369148857699,0.242533868909,0.412437458876,0.0908939013438,0.850032808599,0.835426796147,0.160769968797,0.796606850156,0.846994037614,1.16807075389,0.184477077889,0.442437801428,0.428545615627,1.89613916074,2.50050016299,2.34976263866,2.6470875279,0.667495828694,4.07059166052,0.66762458256,1.86598494072,2.09985371333,1.82161181329,2.51973470805,3.55722556088,0.676641133473,2.60533573053,0.834538492944,1.80807772116,2.29024828816,1.33914285905,2.72234082444,1.5829127963,3.88824531963,1.58294013193,0.515842119299,3.24746277642,1.32245284069,1.77006230417,2.16559802311,2.02441249614,2.38517822747,1.52785771223,2.39833483103,1.89613916074,2.50050016299,2.34976263866,2.6470875279,0.667495828694,4.07059166052,0.66762458256,1.86598494072,2.09985371333,1.82161181329,2.51973470805,3.55722556088,0.676641133473,2.60533573053,0.834538492943,1.80807772116,2.29024828813,1.33914285917,2.7223408235,1.58291279945,3.88824526962,1.58294028512,0.515841364965,3.24749007663,1.32217372393,1.77173781865,2.1567217101,2.13491696404,1.88212327565,4.12419282281,0.0,1.0,1.0,1.0,1.0,1.0,1.0,1.0,1.0,1.0,1.0,82.0,64.0,72.0,82.0,65.0,82.0,64.0,427.0,70.0,59.0,375.0,50.0,44.0,39.0,34.0,28.0,23.0,17.0,12.0,5.0,4.0,0.0,0.0,0.0,0.0,0.0,0.0,0.0,0.0,0.0,1.92865493311e-15,5.78596479932e-15,2.31438591973e-14,1.48506429849e-13,1.17840816413e-12,5.79367941905e-12,2.34157995428e-11,1.06855197913e-10,7.4036819838e-10,2.98500238332e-09,1.72645899124e-08,1.11701131723e-07,8.40586709377e-07,1.27016994975e-05,7.30187172998e-05,0.00183343644573,0.0082180441887,0.0356747248342,0.461639574267,2.05745541636,8.62512102769,inf,-inf,-inf,-inf,-inf,-inf,-inf,-inf,-inf,-inf,-15.6535597745,-14.7504697875,-14.010107098,-13.9375564309,-12.4516167111,-12.2544054406,-11.3120856805,-10.5501323771,-9.94254004885,-9.02892708361,-8.50220104996,-7.30100307511,-6.81476727731,-6.12243599068,-4.56383410021,-3.55421408807,-2.77585181421,-2.05176739151,-0.956620162292,-0.298384571663,0.414360746404,0.379909814759
24,0.953182292231,0.118422846505,0.546480870656,0.912232336801,0.270138862552,1.00531232295,0.429487098525,0.569527154468,1.05726700294,0.459776844035,0.27359138409,0.592015492754,0.354708080688,0.64998289161,0.389976756044,0.633135463241,0.694925083076,1.05813977606,0.389715169773,0.257548295236,1.01767687022,0.647350898632,0.468869697407,0.820973159742,0.222663003606,0.467664173653,1.0786482504,0.394896703857,0.335038633468,0.362053501705,0.295113623557,0.640612647707,0.877949100558,1.12097198896,1.08502832707,0.936215100513,0.64320610605,0.556216397969,0.395671334228,0.772038934681,0.375558504307,1.01323014749,0.261564002018,1.1692168417,1.04791023661,0.635489636233,0.61553048101,0.367864405526,0.285395432495,1.06578855802,0.0928109994158,0.432276179447,0.600236214282,0.107723905782,0.995033677244,0.0544339106755,1.08968475808,0.419282815237,0.277582222292,0.316575493922,0.14399991791,0.344459145412,1.9763072266,5.53215636784,0.814044519358,0.1233421581,5.94721951885,0.237085896389,2.5522349539,1.36652123802,1.36090173668,1.86495658959,2.75737038902,0.44803222621,2.97568232168,0.610114774798,3.45813834106,0.506864732034,2.05321112563,1.34490632694,2.06832110717,2.66502952854,0.229066813121,2.55563279301,4.43897752687,0.168032239327,5.64792674623,0.291633713721,2.097649103,3.21783988091,1.10519024949,1.89390333448,0.906232952672,2.39207876235,5.53215599199,0.814044689741,0.123340869526,5.94725201338,0.237075186929,2.55230172983,1.36649272277,1.36092825686,1.86492855361,2.75739850527,0.448015279267,2.97575685082,0.610086780837,3.45824506341,0.506830888357,2.05329647107,1.34485325903,2.06837835918,2.66497758046,0.229214721994,2.55467560732,4.44029561901,0.166012836059,5.68446585981,0.161809855564,2.97043695568,1.31365376145,2.0955734908,0.856389050306,2.51426186181,0.0,213.0,182.0,222.0,191.0,203.0,192.0,177.0,179.0,169.0,161.0,155.0,148.0,141.0,134.0,127.0,120.0,114.0,107.0,100.0,93.0,86.0,79.0,72.0,65.0,55.0,44.0,37.0,25.0,20.0,12.0,5.0,5.90105717843e-07,1.81799212552e-06,9.07432624228e-05,4.74579964904e-05,0.000392361126343,0.000227252094881,0.000181250634258,0.000169262117256,0.000130576373618,8.85675207605e-05,0.00032855238998,0.000217544648775,0.000398544736651,0.000268052958612,0.000579981690041,0.00036103724631,0.000342738403495,0.000240425805506,0.000169311341408,0.00560668537718,0.00325381901905,0.00257877029441,0.105018926429,0.056012144806,5.11665516107,3.02174997386,7.78167032389,5.5573170247,6.89373405733,8.86341315335,inf,-6.42499005244,-6.76857410701,-5.88989064354,-4.48818975152,-4.97023242365,-4.17538007806,-4.54492291749,-4.57642353807,-4.55228424098,-4.55104249752,-4.77090863683,-4.1276738986,-4.55293565034,-3.97174463753,-4.47052244948,-4.06881966403,-4.2751680693,-4.24220925261,-4.28443046384,-3.83000577246,-3.01900380434,-2.88005423097,-2.69477694529,-1.43724199267,-0.886645488477,-0.0590913068196,0.279709395048,-0.00419671714001,0.0159940846577,0.206293852227,0.37877547527
25,0.0494782987683,0.486612563403,0.799751077971,0.345807741071,0.52010700307,1.06217103723,0.564314447986,1.04345704709,0.423253734146,0.626609192841,0.165520364837,1.07505632356,0.590710039114,0.447234897598,0.549834836327,0.499771139719,1.01443074113,0.749536546125,1.014043892,0.185453597362,0.248386617888,0.360610641457,0.452098000985,0.850776184414,0.559476180154,0.445041591033,0.563621527002,0.793943238618,1.02786614281,0.363186257328,0.536215851281,0.217546408141,0.319801085042,0.288905840589,0.245779679959,0.429051528538,1.08192951071,1.01169143028,1.20035940142,1.12109939445,0.365502030585,0.61032883021,0.456034663852,1.14450654717,0.332868157939,0.237293265365,0.89214901875,0.65260454144,0.737693925865,0.636526017716,0.335796462485,0.448790796875,0.6327090041,0.134410674084,0.561302823498,0.948041516088,1.01305381793,1.19995086384,0.280718447915,0.457191704658,0.0474528474354,0.478915554715,2.04703369253,1.0309924445,0.152008642584,16.3666193741,0.313460201844,8.34827208097,1.1251997069,6.35349385222,0.899854997977,4.6424052191,0.878749927378,3.43599414054,0.211279378563,12.4336288224,0.0545751784183,11.5629564647,0.0837354743368,21.338596765,0.0486351058274,20.7409194517,0.210260135419,5.05978884435,0.329055528453,6.70931938106,0.818602008306,11.7678141832,0.0620781584757,11.8706824713,0.0259581138883,21.5452678548,0.144633278785,10.0924513617,0.0219802496779,8.84106932719,0.860337865743,7.27652852869,0.0763859059785,22.380626001,0.0196732751076,21.9624112841,0.0376089373714,13.2007200157,0.0184187877004,21.1305956292,0.352372160074,8.25584582752,0.360280145459,9.18379900034,0.790882348897,5.19623495115,1.74493964472,3.78424693417,0.234679635215,7.59434329112,0.0412968488574,17.8062266021,0.234235348175,8.90522056549,0.244763404461,6.55316674005,1.13432475983,7.65362411228,0.0,500.0,500.0,500.0,500.0,500.0,500.0,500.0,455.0,465.0,386.0,384.0,320.0,334.0,290.0,309.0,265.0,283.0,239.0,266.0,226.0,231.0,184.0,191.0,114.0,115.0,68.0,83.0,37.0,57.0,20.0,15.0,33.4244572255,35.2927303052,25.5857988942,27.3148365498,40.7716672176,25.9728523901,50.1827189786,27.7501497408,41.8290396612,23.5346463546,45.4158274484,40.0010925662,30.9519261927,43.5953282002,30.1285712217,40.8022577046,28.6210794736,40.5747782908,21.5009519009,25.1044505593,26.6731397743,27.2644206625,44.2152310339,26.7499818025,34.0208673523,43.1341171064,33.7145840591,48.043561697,25.5722897161,34.4719779512,inf,0.0038964151101,0.938972830356,1.19050766409,0.842800656819,0.917604549697,1.3274698195,0.801665756624,1.3235110788,0.663210421574,1.0906801502,0.533718098942,1.32054748548,1.08211211087,0.913881144231,1.04932178801,0.959044424068,1.31276352102,0.711604779157,1.27866169925,0.553152944017,0.683507147398,0.86125282046,0.823997058702,1.23013265503,1.06196408849,0.946606618805,1.06542729532,0.814727494072,1.30986307191,0.875581574169,1.0039966651
26,0.74929267046,0.690727728573,0.478436278957,0.812103264443,1.07321543785,0.629470731291,0.648288820856,0.928207762461,0.832519455807,0.192399282563,0.0708132536685,0.344528478254,0.114363786039,0.143432223593,0.375572777778,0.0661938784924,1.05114924945,0.349074432545,1.07512300517,0.348958877843,0.24084971511,0.754158075644,0.561559024789,0.170619567231,0.645212487225,0.982040804826,0.760752016619,0.26742317092,0.742117357939,0.725679041252,0.932634482301,0.605440648703,0.867883109068,0.177750136169,1.14394385987,0.232978593818,0.820251182999,0.0409404486468,0.408865163585,0.212229095464,0.313108180282,0.608368451234,0.161850247346,0.588069096617,0.781077768466,0.570251260009,0.765793203956,0.816981829058,0.586399404424,0.941157070933,0.343107148521,1.01482992576,1.19635946096,0.181254508908,1.10697856038,0.922124589243,1.1404991842,0.183982954183,1.12490988795,0.270026560261,0.118243933629,0.273364128144,2.63725860024,0.0640145668908,5.84124386256,0.0287712178165,6.86553416702,0.0956073204637,5.31998361773,0.108103131328,4.74146357612,2.86231643649,1.62023303201,0.227228187685,1.87172551938,0.966904070499,0.0909786848365,3.17060309022,0.099612026664,2.21060427637,1.68278071621,0.970200030861,2.74037867497,0.386901694195,2.60013179607,1.14577124106,1.44265315992,0.0760141855664,4.83866140064,0.908730457772,1.88621266169,1.03025418869,1.77276591346,2.31186598546,0.0640145668908,5.84124386256,0.0287712178165,6.86553416702,0.095607320463,5.31998361774,0.108103131146,4.7414635792,2.86231643471,1.62023303266,0.227228179596,1.87172556009,0.9669040482,0.0909814215582,3.17056399438,0.0998732495547,2.20793467693,1.68380704815,0.969678302153,2.74100442158,0.386432346652,2.60160936753,1.14535454508,1.44291541851,0.0321383103907,6.72709986517,0.595092033422,2.26149709221,0.0462693134689,6.13713548747,0.0,1.0,1.0,114.0,113.0,184.0,168.0,241.0,215.0,255.0,276.0,218.0,211.0,201.0,192.0,184.0,176.0,167.0,159.0,151.0,142.0,134.0,125.0,117.0,109.0,92.0,76.0,67.0,56.0,38.0,15.0,6.0,0.0,0.0,1.63935669314e-13,6.36456127925e-14,6.63360864239e-11,2.54196720183e-11,1.46232024823e-08,5.65637847252e-09,5.41632265046e-09,3.46066462064e-09,3.09189403615e-07,1.88920009072e-07,2.00313603409e-07,0.000261275540697,0.000107103999462,0.0227480898866,0.0104957087477,0.0052959298139,0.00467212609259,0.00198313671212,0.0105431837864,0.00493451039369,0.00315947326539,0.00157885635896,7.4774321179,2.86205285529,3.67701896261,1.57610755669,26.953026666,10.786286372,inf,-inf,-inf,-15.2638400961,-13.3033117562,-12.1365784367,-10.8077178671,-9.73993351696,-8.51036342089,-8.74839210614,-9.19007724595,-8.09212750761,-7.39029418102,-7.65172047914,-5.5627693654,-4.40786941749,-3.58298876879,-2.57355389676,-2.98871215457,-3.28255526566,-3.203601494,-3.32850545134,-2.83045150814,-3.38018068934,-3.58127028301,-1.35777420773,0.276102837747,-0.503570736609,-0.425639452846,-0.00701157703293,0.639921519451,0.363962655241
27,0.485979277066,0.952146650155,0.530385800503,1.05360715882,0.300798359768,0.422231058133,0.385986215404,0.732534640318,0.174340636765,0.488576847642,0.118663716947,0.430083232398,0.467597617226,0.915783055946,0.887520788363,0.835794096785,1.04187421699,0.453739231001,0.305560461791,0.202749442413,0.94288926562,0.0906735917035,1.03991051088,0.980141813509,0.26077734827,0.890961731177,0.722716493793,0.0377365927043,0.839579306694,0.554517216052,0.171934650195,0.616686981968,0.0578961140714,0.582415186822,0.611419534064,0.124498735301,0.852911233207,0.505489612039,0.777992458674,0.147686408274,0.893293964341,0.87572374747,0.954711065918,0.673616421018,1.14524277976,0.104744245541,0.223097371378,0.0805685753604,0.343053598659,0.41374451092,1.14765957321,0.0816293098931,0.563492635176,1.10452172734,0.776635283793,0.41703893365,0.915788813524,0.121985936751,0.673094936316,0.632247013832,0.0492636623817,0.372032501231,2.51343628942,0.0335617381177,19.3041865084,0.0837587683678,21.3820364095,0.0447835728689,8.57083065883,0.0104370926674,14.8353558696,0.117276792129,4.22915481913,2.40828572236,0.0347124723662,9.49127399354,0.0195749011312,17.8955702618,0.129424739928,17.0225097907,1.03358325285,6.20254725329,0.00595699783346,19.1393836399,0.0110696602343,20.6762382167,0.269801881031,5.29122915808,0.0506016638283,14.6703543091,0.00504079123087,16.9985236069,0.109477194921,7.55186446245,0.0335617381177,19.3041865084,0.0837587683678,21.3820364095,0.0447835728689,8.57083065883,0.0104370926674,14.8353558696,0.117276792129,4.22915481913,2.40828572236,0.0347124723662,9.49127399354,0.0195749011312,17.8955702618,0.129424739928,17.0225097907,1.03358325285,6.20254725329,0.00595699857511,19.1393826905,0.0110853304827,20.6645341506,0.272742616725,5.26814274202,0.132322261057,9.98990383955,0.76594155983,0.0574637920784,11.2561102696,0.0,1.0,1.0,1.0,1.0,1.0,1.0,1.0,1.0,1.0,1.0,1.0,1.0,1.0,244.0,279.0,275.0,293.0,344.0,217.0,196.0,176.0,156.0,136.0,116.0,96.0,86.0,74.0,65.0,71.0,19.0,14.0,0.0,0.0,0.0,0.0,0.0,0.0,0.0,0.0,0.0,0.0,0.0,0.0,0.0,2.68083035702e-13,1.06076021321e-13,6.51113905417e-12,2.61139877943e-12,5.32308761537e-12,2.38574615225e-12,1.08141118194e-06,4.30875734842e-07,0.0122870799074,0.00491815820403,0.0941605930868,0.037980740419,8.3493623242,3.3375858989,43.6339384759,49.420338414,40.2412935561,inf,-inf,-inf,-inf,-inf,-inf,-inf,-inf,-inf,-inf,-inf,-inf,-inf,-inf,-15.2191905002,-12.6570481024,-13.0130783376,-11.2910772998,-12.1982580029,-11.7686511804,-9.12979598179,-6.02253433266,-4.80492412,-1.93166323324,-2.53154400703,-1.63664348178,-1.08766846813,0.670287653721,-0.118671977211,1.22894057585,1.04714370524,0.878054186833
28,0.421212828912,0.790772007076,0.940692958132,0.620257309586,0.30941183831,0.677550582779,0.593839526442,0.894930450037,0.618422444102,0.463294266301,0.874523541754,0.754702228143,0.149286870481,0.412070816103,0.717959884644,0.660731744035,0.222076927862,1.01229989815,0.47284504596,1.0637545838,0.239106469416,0.965380156824,0.574958275925,0.306097795534,0.290837429804,0.370203205938,0.231436081226,0.60128928914,0.292996649251,0.259768017716,0.0710533466792,0.372343795893,0.0933649953028,0.136910474629,0.511860115359,0.613501400827,0.742527659044,0.684820988319,0.430713580215,0.0589580387615,0.783858078172,1.20392880677,0.613061840173,0.443476180949,0.349391810028,0.0457023509222,0.450291524211,0.357901809382,0.172278492424,1.12529718403,0.298588433003,0.330458791641,0.92171185044,0.64351011907,0.346552106342,0.26451306982,0.373229971164,1.15046531702,0.481127606237,0.547027636787,0.0745230940972,0.242031312666,1.65017014958,3.89493439769,3.06516152249,3.14130288854,8.21874539374,0.236575083061,8.21945480392,0.3453453668,7.81157042615,0.863285367079,6.14285197903,0.381791486545,9.05529846479,0.245200907224,4.43818856841,0.69947519772,8.85459212767,0.115834295598,11.3300731508,0.700489915327,10.2804067914,0.524918309572,5.59149436214,2.31117722576,1.75791032752,1.55725329697,2.43601662304,2.29153537443,0.970493294803,3.06746885629,0.722996105976,3.24773569318,3.89493438072,3.06516154851,3.14130286582,8.2187454417,0.236575016278,8.21945629495,0.345344971141,7.81157609532,0.863284280791,6.14285720708,0.381774929485,9.0555444509,0.245162766849,4.4386653254,0.69924447421,8.85650113317,0.103800003846,12.1396407533,0.512980782521,12.6649403872,0.2666645279,8.91147438152,1.21166841084,2.90864359415,0.76337008008,4.47754143448,0.585833884628,4.39874932924,0.823043652968,3.48573849306,0.0,270.0,308.0,279.0,446.0,419.0,327.0,407.0,335.0,341.0,319.0,307.0,294.0,281.0,267.0,254.0,241.0,226.0,210.0,196.0,176.0,163.0,136.0,129.0,105.0,97.0,75.0,65.0,40.0,39.0,18.0,9.0,3.782725493e-08,7.37345993001e-08,6.2833282394e-08,5.06919927232e-08,2.45192507367e-06,1.57564215389e-06,9.95134037524e-06,6.30368664212e-06,1.09296262799e-05,7.39236240734e-06,0.000376687061223,0.000235947957493,0.00135117303215,0.000933001409043,0.00286553338798,0.00187243225378,0.952795848215,0.599462421732,2.7060158318,1.81185700191,5.88252945038,4.04843343193,5.60898927408,4.37387582742,6.19248250072,5.28718731795,11.8470415635,13.126733489,11.4271458388,13.6631768832,inf,-7.77050932455,-7.58468961802,-7.64351475231,-7.3190694155,-7.17533817208,-5.82651366439,-6.40267934082,-5.24648118073,-5.96405488844,-5.28166082181,-4.78101678121,-3.60908941674,-4.41861504451,-3.32170293163,-3.63690815058,-2.71919282089,-1.91957946395,-0.091746879895,-0.726977574705,0.377403445615,-0.587953310283,0.521135469999,0.0411987155115,0.060974668324,-0.100243379175,0.309954662439,0.23190302878,0.53507324913,0.351105136881,0.441340390857,0.511580678308
29,0.955088668055,0.832199124937,0.679057958213,0.403221294544,0.326345674722,0.967164880954,0.225962750167,0.684962430811,0.447699393759,0.904336570082,0.936028244585,0.0659099022054,0.418512381037,1.00076658909,0.160656437688,0.66437935305,0.116096445084,0.754163874565,0.514527794077,0.564680292698,0.195318674683,0.884646808359,0.0520478750706,1.00456829476,0.589624278521,0.279312123741,0.638783646331,0.17806339248,0.997683930604,0.688914439534,0.700671947018,0.254260416986,1.09394926818,0.287060339573,0.564616520384,0.0542282673424,0.717743751965,1.0213910757,0.757453213896,0.721092008147,0.932735944596,0.471635520507,0.579404591088,0.447896416791,0.437965728379,0.454786853967,0.973786823318,0.423185353943,0.547214255811,0.785640323744,0.965531414879,1.0419776241,1.07973402861,1.0936050253,0.51205225601,1.1332986124,0.21655574135,0.949511680316,1.17396817645,0.610209606646,0.131389393795,0.481413834887,2.48545656693,0.106692909462,6.26905702717,0.27563259915,3.06845151154,0.0474428176229,6.13920140605,1.68730912066,0.233201389016,3.39792305656,0.104999593491,6.1000677367,0.501581014299,0.0349955695962,7.61502043965,0.047774242693,5.05653041399,0.0118120008389,5.70492547866,0.182035492701,4.29762844359,0.01690712202,6.11401125993,0.39141166257,0.163958411597,4.4870081349,0.0362020579375,4.86174585215,0.0108365097001,7.10244959818,0.319954212354,3.66402356371,0.106692909462,6.26905702717,0.27563259915,3.06845151154,0.0474428176229,6.13920140605,1.68730912066,0.233201389016,3.39792305656,0.104999593491,6.1000677367,0.501581014299,0.0349955695962,7.61502043965,0.047774242693,5.05653041399,0.0118120008352,5.7049254794,0.18203549115,4.29762845904,0.0169063324044,6.11412747112,0.391379102605,0.16441776619,4.4818494923,0.089902393658,3.33659376429,1.35063187558,0.103812817168,5.24330328069,0.0,1.0,1.0,1.0,1.0,1.0,1.0,1.0,1.0,1.0,1.0,1.0,1.0,1.0,1.0,109.0,101.0,96.0,88.0,81.0,73.0,65.0,58.0,50.0,43.0,35.0,31.0,27.0,24.0,28.0,9.0,5.0,0.0,0.0,0.0,0.0,0.0,0.0,0.0,0.0,0.0,0.0,0.0,0.0,0.0,0.0,1.1764795092e-13,4.82163733277e-14,2.75063416458e-09,1.12168449382e-09,7.40354848964e-08,3.12396350906e-08,0.000405667775943,0.000165094223397,0.000722574349044,0.0243008243315,0.00999177535795,7.90075991856,3.26977837069,41.9129514199,36.7031436766,24.2903429291,inf,-inf,-inf,-inf,-inf,-inf,-inf,-inf,-inf,-inf,-inf,-inf,-inf,-inf,-inf,-15.1902268043,-13.5463498049,-11.427057943,-9.13269334063,-8.80921831371,-7.81087948117,-6.10258425055,-3.93475206771,-4.48731606906,-3.33785193646,-2.28746455913,-1.2700229992,0.183313153602,0.127038471309,0.845013454852,0.692260628598,0.563958257997
