,a,a,a,a,k,k,k,k,b,u,n,ss,ss,ss,ss,ss,ss_0,ss_0,ss_0,ss_0,ss_0,ttss,ttss,ttss,ttss,ttss,dr,dr,dr,dr,dr,dr_diff,dr_diff,dr_diff,dr_diff,dr_diff
,0,1,2,3,0,1,2,3,0,0,0,0,1,2,3,4,0,1,2,3,4,0,1,2,3,4,0,1,2,3,4,0,1,2,3,4
,,,,,,,,,,,,,,,,,,,,,,,,,,,,,,,,,,,,
0,1.09623850537,0.42524969877,0.583091460219,0.477356187459,1.10943006659,0.708657064014,0.591808111863,0.418428423667,0.0964631159666,0.355499912465,1.61633671102,7.12860924245,0.679558785553,3.5477679481,1.11319078932,3.685345522,1.38145473281,3.18783578786,0.683259571859,4.9485876822,0.0,175.0,33.0,22.0,57.0,31.0,0.7594528731,0.399375496246,0.457050096528,0.583810312084,0.566478211669,0.7594528731,0.399375496246,0.457050096528,0.583810312084,0.566478211669
1,1.05507899385,0.45698089472,0.506237928417,0.518868003171,0.921787330671,0.480837827533,0.614064404421,0.381138168794,0.0965459068277,0.435275571245,1.59847675811,5.0380955294,1.16032732282,3.19530282575,1.02722127675,4.50848291292,1.13824416462,4.04367271217,0.522856370746,5.37431383908,0.0,12.0,24.0,20.0,39.0,48.0,0.591048055055,0.459896668647,0.426909012467,0.638198887691,0.654030428045,0.591048055055,0.459896668647,0.426909012467,0.638198887691,0.654030428045
2,1.05411454709,0.319913750374,0.432236275165,0.472541215957,0.819937795372,0.577929294898,0.520452712175,0.392408303195,0.100479572222,0.363202050147,1.60783244836,6.38022038081,0.860746214756,2.60788572666,1.14771702891,3.61468547401,2.23493972613,2.55025172126,0.591523297499,4.70285855628,0.0,192.0,43.0,1.0,73.0,1.0,0.617553939628,0.227759611583,0.304568596641,0.55085689433,0.558070513845,0.617553939628,0.227759611583,0.304568596641,0.55085689433,0.558070513845
3,1.08948729895,0.443752931718,0.632611687182,0.571372201703,0.74298578916,0.43863647124,0.5391137749,0.514544163913,0.0991962791824,0.41376395553,1.63887060974,7.47029948133,0.756454549154,4.36780360844,0.907810419949,4.17116406926,1.46902974814,3.74786373541,0.607124811625,5.76001646848,0.0,200.0,30.0,21.0,49.0,33.0,0.778243147013,0.475875822987,0.575266241498,0.685939234866,0.620257272793,0.778243147013,0.475875822987,0.575266241498,0.685939234866,0.620257272793
4,1.08142085177,0.356601641813,0.608986036472,0.408832095487,0.779251605094,0.446338126897,0.481782465821,0.536196434383,0.0955374712002,0.415423547324,1.59856140755,8.85769837568,0.52467362635,5.1411166654,0.646446633793,4.34827866077,2.60873766421,2.48495138654,1.07638906865,4.27928529352,0.0,163.0,46.0,22.0,200.0,1.0,0.795807794175,0.292317612771,0.60903144607,0.560246110566,0.638317368201,0.795807794175,0.292317612771,0.60903144607,0.560246110566,0.638317368201
5,1.0944784823,0.438766427234,0.464508597604,0.35585309392,0.751021852888,0.308371529389,0.537328090535,0.35509521491,0.0977869279188,0.32669762508,1.5530126174,4.12156144968,1.70219818677,2.92849286262,1.09888215267,3.3409130651,1.79524690156,3.49107966295,0.951085745778,3.63906609496,0.0,22.0,35.0,20.0,58.0,1.0,0.36666843665,0.252581566982,0.296096092883,0.404865166316,0.523865174879,0.36666843665,0.252581566982,0.296096092883,0.404865166316,0.523865174879
6,1.08802673224,0.505479714042,0.479048741778,0.364619605007,0.869970068817,0.447796081349,0.43158216306,0.518837171493,0.0979196660979,0.434728159488,1.56514315217,5.89602956215,1.01068293363,4.12065570608,0.586551887724,4.43964095071,1.62928160773,3.36796586668,1.11735848741,3.72366062444,0.0,19.0,29.0,27.0,52.0,31.0,0.630096988949,0.372411711877,0.477598313897,0.496529572233,0.647347848622,0.630096988949,0.372411711877,0.477598313897,0.496529572233,0.647347848622
7,1.08494996112,0.303558983129,0.433276831532,0.436578246065,0.788601091084,0.477007047267,0.471506396821,0.531647944838,0.0980353286131,0.428402421987,1.63439727963,8.03544672486,0.636911632092,3.59506251394,0.643430670474,4.36987796182,2.49760259309,2.4586926235,0.688828292265,4.45327467395,0.0,159.0,40.0,10.0,106.0,1.0,0.743340727924,0.260496166304,0.463330612399,0.580907193571,0.640469308539,0.743340727924,0.260496166304,0.463330612399,0.580907193571,0.640469308539
8,1.10213009703,0.349358387393,0.697642582298,0.526884780671,0.987433878066,0.537521107473,0.454078170685,0.338344576436,0.0976888513266,0.352172665036,1.65087734658,8.0704386495,0.576667476849,3.95457084172,1.41551077255,3.60504459059,2.03096957814,2.52463592698,0.856876618429,5.39349960119,0.0,193.0,43.0,20.0,89.0,1.0,0.78099876155,0.289581918639,0.491038545866,0.599663559164,0.556910640852,0.78099876155,0.289581918639,0.491038545866,0.599663559164,0.556910640852
9,1.09500142956,0.394989447677,0.423087451479,0.47455117556,0.547813309911,0.65010399903,0.38886993954,0.498004888467,0.0985518483053,0.377624600536,1.61627663519,8.26366049797,0.750595525689,3.23673507754,0.897230073999,3.8317353457,2.74341606739,2.89301990569,0.723596818161,4.81524379015,0.0,157.0,198.0,8.0,200.0,1.0,0.741958308255,0.330905501808,0.400216381802,0.593065952036,0.583395505137,0.741958308255,0.330905501808,0.400216381802,0.593065952036,0.583395505137
10,1.07691004718,0.456965716396,0.395902242401,0.451444537478,0.802855314094,0.692179024175,0.304084753865,0.351729633246,0.0967005208299,0.420186229139,1.64658282775,7.02036843636,0.826226900068,3.2085276715,0.942862150594,4.34523232691,1.80462657975,3.09947436171,0.845091992189,4.66848093065,0.0,162.0,32.0,18.0,57.0,26.0,0.717316088662,0.356646714818,0.373543787514,0.571198414116,0.638013001866,0.717316088662,0.356646714818,0.373543787514,0.571198414116,0.638013001866
11,1.09151820781,0.356530022575,0.603512025855,0.559865421515,0.687417513032,0.615867675225,0.331426713811,0.500579976233,0.0974803674375,0.382387586735,1.61295052453,9.4255075764,0.447592188982,4.58113252547,1.03701486876,3.92271384266,3.01539497971,2.34255160646,0.94411601851,5.74336593339,0.0,149.0,189.0,16.0,200.0,1.0,0.806865658176,0.277599913537,0.560745272148,0.672684319726,0.593586628016,0.806865658176,0.277599913537,0.560745272148,0.672684319726,0.593586628016
12,1.10415499238,0.313871373016,0.542625992322,0.389441656391,0.977208745892,0.328337443158,0.408140573256,0.346716888508,0.0975523935184,0.381373691384,1.68414210955,7.37854460959,0.698488977023,4.14922371231,0.898136008017,3.90942423481,2.20744185105,2.35245986752,1.06954570201,3.9921281513,0.0,177.0,39.0,21.0,79.0,1.0,0.713583168022,0.218527861801,0.488505312064,0.490519206541,0.592112800859,0.713583168022,0.218527861801,0.488505312064,0.490519206541,0.592112800859
13,1.07241580439,0.417256425381,0.51455689882,0.459949095818,1.00139032866,0.516699651033,0.392037509461,0.496387877029,0.0978879798557,0.366793328576,1.5875081633,6.54349197074,0.779466290902,3.89216559777,0.931976728258,3.74707220556,1.70612060416,2.8976488692,0.943401141829,4.69872906251,0.0,186.0,35.0,24.0,60.0,22.0,0.684609429597,0.325963391716,0.469640082972,0.575967066074,0.573692061969,0.684609429597,0.325963391716,0.469640082972,0.575967066074,0.573692061969
14,1.06554296721,0.511861254448,0.634990157731,0.363842435281,0.931215471165,0.776350263105,0.437325281378,0.602071160535,0.0974160499928,0.461247536788,1.56956354703,8.94568144559,0.401941872551,5.74487676286,0.472082162213,4.73482076949,2.62437690707,2.18156218929,1.46160664566,3.73493315843,0.0,149.0,41.0,29.0,84.0,1.0,0.800806713633,0.250327355155,0.631775463309,0.513597241425,0.675303543995,0.800806713633,0.250327355155,0.631775463309,0.513597241425,0.675303543995
15,1.07287588075,0.411575677354,0.420075704107,0.335475261297,0.803163081244,0.365364836834,0.444946879261,0.396610445662,0.0986904742549,0.435986422925,1.59311904456,5.46700623863,1.13920096847,3.47739901069,0.650075788301,4.41771534909,1.92234864611,3.01310811581,1.03184542349,3.39926688801,0.0,18.0,30.0,20.0,60.0,26.0,0.549574289488,0.272748067663,0.388377183562,0.439204929245,0.645197729122,0.549574289488,0.272748067663,0.388377183562,0.439204929245,0.645197729122
16,1.10411795471,0.381020826347,0.544107865233,0.567187818135,0.738974357366,0.590969652673,0.538792287946,0.531830736268,0.0970130576648,0.390530308978,1.62182254678,8.29365157906,0.655234751428,3.72830004258,0.960066579396,4.02554376059,1.91251152046,3.23099495905,0.53697691656,5.84651006563,0.0,161.0,38.0,14.0,61.0,20.0,0.804898276986,0.410905429591,0.503970779356,0.688992880338,0.604824552101,0.804898276986,0.410905429591,0.503970779356,0.688992880338,0.604824552101
17,1.08992018264,0.364199991825,0.359135667566,0.409200163109,0.928265722583,0.408938400401,0.39635967839,0.513012344238,0.0972898350009,0.402207114178,1.57558024392,5.23296335483,1.13980924226,2.97967701274,0.725106838768,4.13411240932,1.83612532288,2.94900552267,0.767276058265,4.205990925,0.0,20.0,32.0,15.0,54.0,26.0,0.531074839332,0.257485686195,0.344863837161,0.541689561478,0.616382281213,0.531074839332,0.257485686195,0.344863837161,0.541689561478,0.616382281213
18,1.07839994213,0.361642093776,0.424599599936,0.494265493509,0.639993171473,0.52850280695,0.608563922469,0.533281551061,0.0981410422854,0.36773564488,1.59536151858,6.74825047856,0.988521401281,2.79746461456,0.934852529505,3.74701181399,2.18624762922,3.16696780435,0.479401766479,5.03627719861,0.0,161.0,44.0,1.0,65.0,1.0,0.659155552192,0.338146879334,0.365125206523,0.61293473927,0.573685062387,0.659155552192,0.338146879334,0.365125206523,0.61293473927,0.573685062387
19,1.05460096333,0.351110232173,0.4601575461,0.343039889638,0.644395085553,0.515923776413,0.472742412966,0.243397786816,0.0972943838131,0.365124468807,1.5655011197,6.72405137379,0.967605349586,2.89838949224,1.20350699202,3.75278052542,3.2327839242,2.28708108009,1.07513065888,3.52579333147,0.0,177.0,197.0,7.0,200.0,1.0,0.542983119347,0.120401406526,0.260848326318,0.365915767504,0.574353166229,0.542983119347,0.120401406526,0.260848326318,0.365915767504,0.574353166229
20,1.08853133467,0.435864391855,0.544675209268,0.424745614617,0.750745399674,0.5848195468,0.548693621031,0.337650210207,0.0958303338341,0.381938019295,1.60732442385,7.24130385199,0.84126039899,3.5129607836,1.07674147015,3.98556494603,1.92890226014,3.2081279167,0.811136632933,4.43226687859,0.0,176.0,38.0,18.0,65.0,18.0,0.725290898161,0.374173949549,0.431657079371,0.525760531695,0.600489890488,0.725290898161,0.374173949549,0.431657079371,0.525760531695,0.600489890488
21,1.04521502022,0.323994542589,0.628415212942,0.655199752994,0.693068261623,0.477788018155,0.475267634942,0.416519481449,0.0967510049889,0.383306745087,1.62000243038,7.78093909918,0.69946035405,3.5893677149,1.38926340863,3.96178566963,2.29250524045,2.81788105697,0.563002524818,6.77202012598,0.0,182.0,44.0,10.0,66.0,1.0,0.739448434878,0.326012212057,0.480921332963,0.731004751597,0.597890976751,0.739448434878,0.326012212057,0.480921332963,0.731004751597,0.597890976751
22,1.09286078191,0.444426278686,0.440670609604,0.405690571612,1.05682546276,0.485336043973,0.377812915926,0.62928147425,0.096048225965,0.297641611268,1.60716584274,5.58709931891,0.988002416745,3.52914163945,0.86639321108,3.09887671821,1.45076560875,3.19715387193,0.950436046024,4.22382160146,0.0,196.0,38.0,29.0,61.0,20.0,0.616615569407,0.344225491288,0.411401762282,0.526006758497,0.491204299161,0.616615569407,0.344225491288,0.411401762282,0.526006758497,0.491204299161
23,1.07944584888,0.40399216377,0.412697097111,0.395398957498,1.02506787451,0.599661862382,0.433466357269,0.526736903752,0.098124337629,0.367143713682,1.6047920345,6.35519513509,0.810026638427,3.30443967125,0.749326846276,3.74161724353,1.69364795685,2.84717762612,0.831590821281,4.02957071663,0.0,184.0,34.0,20.0,60.0,22.0,0.668530083955,0.309023218835,0.393197571424,0.515906132617,0.573059358384,0.668530083955,0.309023218835,0.393197571424,0.515906132617,0.573059358384
24,1.06909522638,0.405771727103,0.584843889995,0.381658248585,0.800446255749,0.59734991347,0.264349770175,0.575925487891,0.0959727176233,0.371512652714,1.57174083503,9.03465345272,0.456007343513,5.32330662438,0.681688101304,3.87102357748,4.02733817947,1.65442341017,1.8384776702,3.97673691062,0.0,182.0,192.0,27.0,200.0,1.0,0.699604936541,0.0786076227954,0.542181466487,0.517861852149,0.587825816511,0.699604936541,0.0786076227954,0.542181466487,0.517861852149,0.587825816511
25,1.07303125017,0.521208744395,0.422228098778,0.510683620573,0.869059750071,0.361648338024,0.512924173106,0.615881405909,0.0984622653585,0.372827426082,1.62260543472,3.79998597306,1.60248243937,3.1299641162,0.817744524618,3.78650059212,0.924749324914,4.72145016786,0.509682026673,5.18659223118,0.0,10.0,23.0,25.0,31.0,50.0,0.458673595374,0.494010881199,0.418348048316,0.640366905924,0.578238029075,0.458673595374,0.494010881199,0.418348048316,0.640366905924,0.578238029075
26,1.06563899367,0.407999687917,0.517778353365,0.592745082244,0.958881943228,0.6275938212,0.502691169661,0.460045963211,0.0990985811886,0.357878503145,1.61759930137,6.04623961574,0.879131261087,2.98615548142,1.28029979663,3.61133831436,1.36354385693,3.38310862403,0.518591564813,5.98136799876,0.0,190.0,31.0,17.0,48.0,32.0,0.670495941988,0.398630398343,0.392268410894,0.672196551889,0.557668175543,0.670495941988,0.398630398343,0.392268410894,0.672196551889,0.557668175543
27,1.07001464343,0.38373770347,0.560864317748,0.6321298804,1.0258640904,0.430367169946,0.388917642011,0.43117049168,0.0988589708841,0.459792661604,1.50455476538,5.62455904579,0.933090826208,3.76257785916,1.19402725438,4.65099583267,1.69941050197,3.00438033267,0.772749306272,6.39425916279,0.0,16.0,29.0,20.0,42.0,35.0,0.593856096888,0.316240804965,0.475646285091,0.716022711769,0.66754595038,0.593856096888,0.316240804965,0.475646285091,0.716022711769,0.66754595038
28,1.07767320336,0.370444973297,0.638721331944,0.448259068842,1.12440008176,0.4468426618,0.42473787898,0.420337055357,0.0958058540119,0.38741222548,1.57949754356,7.35228626734,0.621101429903,4.743988076,0.97081058196,4.04372185265,1.94799520528,2.49800731939,1.13776134592,4.67882754624,0.0,169.0,37.0,28.0,66.0,17.0,0.732738731031,0.273442497075,0.557053028135,0.569141712386,0.606781275007,0.732738731031,0.273442497075,0.557053028135,0.569141712386,0.606781275007
29,1.06666686442,0.442959850337,0.39842625947,0.359987861802,0.835838556714,0.555953545366,0.482889899831,0.487053107483,0.0969914326718,0.38915301616,1.61525679308,6.21256914861,0.950633295117,3.28914054131,0.663473444417,4.01224113759,1.6595780905,3.25606919952,0.818902316678,3.71154288462,0.0,41.0,32.0,19.0,57.0,27.0,0.658296797373,0.362753052493,0.392738837734,0.484024856747,0.603387026437,0.658296797373,0.362753052493,0.392738837734,0.484024856747,0.603387026437
30,1.07603059513,0.402145842843,0.59482510196,0.347668813515,0.887796143905,0.549813027275,0.404034198612,0.367621412046,0.0984039248163,0.358884053968,1.55731316128,7.67796019555,0.622344772554,4.42163326091,0.940266554136,3.6470502029,3.11199459321,1.95097365686,1.55613127119,3.53307872795,0.0,191.0,200.0,25.0,200.0,1.0,0.659532635413,0.123403689741,0.457200714356,0.413771057135,0.561941741568,0.659532635413,0.123403689741,0.457200714356,0.413771057135,0.561941741568
31,1.0772386599,0.295395276421,0.396915580582,0.520125837333,0.931759848849,0.486012442764,0.401862176126,0.55986127836,0.0975403827092,0.41078007641,1.57622741757,6.8271009289,0.770418714222,3.12663383147,0.833315614342,4.21138471063,2.26425468899,2.47098993887,0.614523195675,5.33241538414,0.0,161.0,37.0,7.0,63.0,1.0,0.65923583404,0.230594826109,0.400038762237,0.653125623971,0.624424916099,0.65923583404,0.230594826109,0.400038762237,0.653125623971,0.624424916099
32,1.07222595803,0.358908383538,0.394124328706,0.521018947871,0.774860513568,0.389661353396,0.478248780922,0.521516766805,0.0980493654607,0.249772635121,1.58297875866,3.92043498177,1.69674560696,1.98913774554,1.61442367972,2.54741715,1.8465167601,3.21539881652,0.520063629702,5.31384313832,0.0,169.0,185.0,1.0,56.0,1.0,0.316791627377,0.181458612327,0.167043706811,0.568133576578,0.406100068289,0.316791627377,0.181458612327,0.167043706811,0.568133576578,0.406100068289
33,1.06873697069,0.387317172036,0.649063641462,0.522120294558,0.690463417295,0.613191234274,0.428234471296,0.471925481092,0.0976826444783,0.375738098739,1.6121763564,8.9769196979,0.490230837008,4.56370648135,1.03969268693,3.84651849616,2.57447510663,2.61377915298,0.899548552871,5.34506715442,0.0,181.0,100.0,19.0,200.0,1.0,0.806345828638,0.327062146711,0.56397418388,0.634010930956,0.585067825104,0.806345828638,0.327062146711,0.56397418388,0.634010930956,0.585067825104
34,1.10451617743,0.500106784552,0.578984502555,0.513198616881,0.781235342042,0.654658762547,0.535788190416,0.317553414767,0.0976768317283,0.404033703644,1.58335412429,6.44649594403,0.977928580774,3.25191158013,1.3111700363,4.13643334346,1.55875237432,3.72018635528,0.704862011337,5.25404651032,0.0,35.0,31.0,18.0,52.0,32.0,0.689108413032,0.438108276414,0.406037396964,0.595813171318,0.616626030283,0.689108413032,0.438108276414,0.406037396964,0.595813171318,0.616626030283
35,1.08496734299,0.489512591447,0.468181479621,0.461172622138,0.915879230407,0.479693801679,0.552556884485,0.370965877226,0.0970663034851,0.346056430332,1.60328195747,4.0832157117,1.49087149839,2.71748921578,1.23484019465,3.56515513527,1.13508138051,4.11481634916,0.624655461268,4.75110935083,0.0,14.0,27.0,21.0,42.0,43.0,0.469547268186,0.418954702937,0.32073473127,0.546082111159,0.552078432624,0.469547268186,0.418954702937,0.32073473127,0.546082111159,0.552078432624
36,1.08976890548,0.540488351058,0.582556739342,0.399581440932,0.828414224206,0.603153154922,0.286407838921,0.444657475978,0.0971250565435,0.474129514345,1.56325864715,8.07103193827,0.617788223521,5.22905961471,0.652833171148,4.88163951938,2.65444069916,2.38653433921,1.6598011052,4.11409223482,0.0,183.0,38.0,29.0,79.0,1.0,0.733726062964,0.247665499122,0.552578003599,0.539234106001,0.68856570615,0.733726062964,0.247665499122,0.552578003599,0.539234106001,0.68856570615
37,1.08770816668,0.422541416946,0.446384087435,0.332068028709,0.906944573872,0.494871255179,0.481679176647,0.306982263907,0.0988337226599,0.40447559658,1.55668505016,5.53512970829,1.05672781518,3.21349556078,0.895280706194,4.09248569916,2.05251060268,2.74267228976,1.0811722233,3.35986563869,0.0,26.0,34.0,19.0,64.0,1.0,0.541905978226,0.226843267335,0.328853060128,0.391743789047,0.611987170482,0.541905978226,0.226843267335,0.328853060128,0.391743789047,0.611987170482
38,1.05484368183,0.453271782911,0.565673756952,0.640474983601,0.850856755689,0.631815054145,0.388998071779,0.355091091429,0.0977987121964,0.41948171734,1.58886878629,6.53423449487,0.844656470641,3.43431130248,1.42674181075,4.28923559339,1.50134277752,3.48466749742,0.664506525589,6.54891019746,0.0,28.0,29.0,19.0,48.0,34.0,0.701817586653,0.421605740832,0.442449159928,0.70945385141,0.63237990124,0.701817586653,0.421605740832,0.442449159928,0.70945385141,0.63237990124
39,1.06471196726,0.440434912296,0.518687985073,0.480865764112,0.859595142807,0.59758435613,0.391823435734,0.53706947155,0.0968689134063,0.350617542755,1.5237182789,6.73288402172,0.817615513236,3.79557085617,1.03141472835,3.61950527188,2.06211844136,2.8896679314,0.973292951213,4.96408751996,0.0,194.0,44.0,22.0,78.0,1.0,0.669388071161,0.316400737864,0.45059977577,0.594687813506,0.558649213523,0.669388071161,0.316400737864,0.45059977577,0.594687813506,0.558649213523
40,1.10480021047,0.518244583271,0.455552575347,0.477965199531,0.903085988664,0.339277976582,0.563732087495,0.341149030984,0.0967699637872,0.439237844211,1.6141458496,3.46181165848,1.78353510419,3.00393037607,1.00374195215,4.53898944487,0.944514158459,4.72850413022,0.558720667031,4.93918960827,0.0,7.0,21.0,23.0,31.0,62.0,0.400934544504,0.469080731417,0.388316111547,0.594994140387,0.65695917282,0.400934544504,0.469080731417,0.388316111547,0.594994140387,0.65695917282
41,1.09035536767,0.523097940052,0.605717400826,0.340352726247,0.850203301274,0.382506744316,0.481061556425,0.488120587977,0.0970355476084,0.33581669538,1.64504676721,6.64308120279,0.881957364571,4.83576408908,0.736466935661,3.46075952222,1.53325616041,3.38802314438,1.30291843462,3.507505596,0.0,148.0,36.0,40.0,62.0,23.0,0.708406030384,0.398992466272,0.548124664075,0.442642584914,0.539171422524,0.708406030384,0.398992466272,0.548124664075,0.442642584914,0.539171422524
42,1.09245078093,0.320056071555,0.616804791289,0.487519081294,0.865929379485,0.562491500482,0.38635690734,0.454295534353,0.100256862108,0.415026166566,1.61191785679,9.02210348279,0.412488532862,4.66742009334,0.886433242986,4.13962852857,2.98410840499,2.00221853127,1.03483561286,4.86270037826,0.0,142.0,59.0,17.0,200.0,1.0,0.780892754648,0.201323369505,0.560215723171,0.599475553663,0.616961371259,0.780892754648,0.201323369505,0.560215723171,0.599475553663,0.616961371259
43,1.08680841241,0.321395317067,0.479519434494,0.492942966683,0.852778846525,0.569293277029,0.494133997942,0.528476583955,0.0978185657654,0.421367480656,1.6095298072,8.20865627609,0.578614274342,3.70120430055,0.770027878675,4.30764321025,2.26540570447,2.57337768247,0.638857956446,5.03935999087,0.0,177.0,39.0,12.0,70.0,1.0,0.774024040805,0.299891392937,0.486054306816,0.630359939973,0.634239724747,0.774024040805,0.299891392937,0.486054306816,0.630359939973,0.634239724747
44,1.08394704007,0.44035715725,0.673314641949,0.486532206516,0.850380442481,0.514843506083,0.528837200514,0.491444865684,0.0976024924513,0.382309402311,1.63097594529,8.14852716118,0.593277372684,4.78035247054,0.897223872881,3.91700450172,1.62207956206,3.26112600906,0.834773989586,4.98483383259,0.0,149.0,35.0,25.0,61.0,26.0,0.81467685541,0.42616118572,0.596110686295,0.611469448666,0.592954070672,0.81467685541,0.42616118572,0.596110686295,0.611469448666,0.592954070672
45,1.07694609148,0.541947228183,0.57148296404,0.51963226957,1.13942395132,0.468913049362,0.404827308647,0.475665367785,0.097495624079,0.402597297459,1.63717847133,5.65881671786,0.896048989663,4.34930474583,0.911295110099,4.12938838294,0.859753877092,4.17989633074,0.806663841176,5.32980094726,0.0,16.0,24.0,33.0,39.0,44.0,0.681156436788,0.51638295951,0.549327132849,0.645275433064,0.61588573166,0.681156436788,0.51638295951,0.549327132849,0.645275433064,0.61588573166
46,1.07607221095,0.379673177561,0.41948213894,0.593773540629,0.908637509166,0.43705025429,0.378792423386,0.497889180793,0.096616195626,0.433730156714,1.55045550991,5.42998917744,1.09850944369,3.14078087645,1.00609004681,4.48920756922,1.64770065677,3.29050449067,0.59274647804,6.14569365707,0.0,16.0,29.0,15.0,41.0,36.0,0.57775465464,0.340839568485,0.406205286669,0.710929625509,0.652169686508,0.57775465464,0.340839568485,0.406205286669,0.710929625509,0.652169686508
47,1.10720086718,0.452528227954,0.543957353462,0.52758360294,0.919781947268,0.49913243374,0.444359928062,0.421875244892,0.0966674782446,0.345177837724,1.62270723817,5.94835277996,1.00384369115,3.41561625506,1.26108635353,3.57077523891,1.34574151891,3.64782778555,0.705388177461,5.45771558875,0.0,195.0,32.0,23.0,51.0,33.0,0.663004295704,0.422258838205,0.4330058402,0.622900601756,0.552762514552,0.663004295704,0.422258838205,0.4330058402,0.622900601756,0.552762514552
48,1.09601355911,0.430013280001,0.595346215171,0.624277490118,0.856152067491,0.472722256412,0.500807011966,0.3493526456,0.0982199833284,0.421929349736,1.59447906377,5.76700041706,1.05676013659,3.2808336183,1.39087861373,4.29575871873,1.43319687483,3.66316920257,0.574156247777,6.35591117981,0.0,19.0,28.0,17.0,43.0,39.0,0.636869220214,0.416042577592,0.432436491991,0.695922101416,0.633039880218,0.636869220214,0.416042577592,0.432436491991,0.695922101416,0.633039880218
49,1.08178332011,0.417601332122,0.393704202611,0.415168118155,0.791711407788,0.44613276687,0.547027992915,0.265156424725,0.0969404996103,0.409568646081,1.60526566245,4.33762254392,1.53349466349,2.39199056332,1.16382489197,4.22494878536,1.56228699816,3.58347672955,0.610676607178,4.28271073312,0.0,12.0,27.0,11.0,45.0,40.0,0.443315498041,0.311750061715,0.250740470503,0.493999478808,0.62582144882,0.443315498041,0.311750061715,0.250740470503,0.493999478808,0.62582144882
50,1.07935393109,0.52715142963,0.525914192488,0.38947911042,1.07563374018,0.539966425062,0.443391485984,0.304389018271,0.0980018820417,0.297545875203,1.5913421837,4.16592752247,1.30536114288,3.0113995999,1.42842131989,3.03612409277,1.31837275124,3.34675193254,1.07656175264,3.97420031438,0.0,24.0,33.0,31.0,54.0,28.0,0.454472086259,0.309926150991,0.28664457401,0.405820698753,0.482319518113,0.454472086259,0.309926150991,0.28664457401,0.405820698753,0.482319518113
51,1.10250379384,0.478365275098,0.47764417574,0.634046415008,0.700778966995,0.373962189099,0.557154520282,0.349115890549,0.0965414346932,0.357577844176,1.58906673308,3.28087148237,2.21559725419,2.12237273746,1.72994534857,3.70387953434,1.30244846058,4.54413645235,0.40926270465,6.56760920348,0.0,10.0,26.0,9.0,34.0,48.0,0.296319157023,0.367083553157,0.233785258535,0.68463568812,0.568656853165,0.296319157023,0.367083553157,0.233785258535,0.68463568812,0.568656853165
52,1.08882167611,0.382726732667,0.495516093494,0.505562030698,1.14388620206,0.545565365994,0.349241040714,0.542686095094,0.100247168685,0.406160823255,1.58469116343,6.77745486588,0.667323372542,3.90307558199,0.842983271275,4.05159396102,1.7320288246,2.62237346847,0.892841739581,5.04315520655,0.0,172.0,33.0,22.0,55.0,24.0,0.702897844421,0.291157890174,0.478600233973,0.623267068734,0.607625915138,0.702897844421,0.291157890174,0.478600233973,0.623267068734,0.607625915138
53,1.0893474753,0.402427305147,0.501552636897,0.555489034377,0.887728549034,0.535650406593,0.442255773425,0.456441887231,0.0975118831849,0.44100302032,1.58888523369,6.92595510054,0.792092738306,3.66060394531,0.946262528679,4.52255669684,1.63941591023,3.26364741263,0.641429391735,5.69662913107,0.0,30.0,30.0,17.0,49.0,33.0,0.723171456078,0.392970222118,0.479888222484,0.676727126941,0.655384020081,0.723171456078,0.392970222118,0.479888222484,0.676727126941,0.655384020081
54,1.10290326986,0.404157228974,0.50422410737,0.411600118028,0.818371222137,0.688722421225,0.330082749144,0.500019293406,0.0969971765814,0.38359790317,1.63592387478,9.08352404437,0.486472202326,4.32710972959,0.739206930438,3.95473267047,2.81483389699,2.23015326623,1.15218709179,4.24342370092,0.0,171.0,63.0,21.0,200.0,1.0,0.797176803798,0.241467051209,0.501733147458,0.544590963738,0.597117131661,0.797176803798,0.241467051209,0.501733147458,0.544590963738,0.597117131661
55,1.09015843887,0.46559889775,0.565049090722,0.531302039675,0.806700759358,0.550464722271,0.377586487433,0.483063192129,0.0993049155409,0.439439999854,1.61189712723,7.72908088078,0.667357340836,4.41315928096,0.84776177477,4.42515858818,1.69590754482,3.27995566769,0.857275857223,5.35020886711,0.0,156.0,31.0,22.0,54.0,28.0,0.780545802984,0.417072644384,0.550947514599,0.653448618185,0.645928839494,0.780545802984,0.417072644384,0.550947514599,0.653448618185,0.645928839494
56,1.07339822935,0.437596871437,0.588815967579,0.564344516316,1.06502101357,0.54656342796,0.373537663602,0.471629788311,0.0957737616018,0.441675030215,1.58301016854,7.33958152093,0.641195561581,4.6025028464,0.934921095332,4.6116496087,1.45097959941,3.20290734048,0.855019032508,5.89247521323,0.0,32.0,29.0,26.0,49.0,35.0,0.770012196342,0.408530265191,0.573739765723,0.69526746377,0.663856302354,0.770012196342,0.408530265191,0.573739765723,0.69526746377,0.663856302354
57,1.05068055199,0.345321549735,0.417233829764,0.450056768871,0.872087752395,0.465745751519,0.611171022144,0.525455386675,0.0999872929759,0.390459047541,1.61241625273,5.86225822119,0.942381904982,2.94987082938,0.786092357629,3.90508669572,1.74476942272,2.9619220941,0.527424060037,4.50113964961,0.0,37.0,32.0,11.0,52.0,26.0,0.614632426356,0.30525250011,0.384254242675,0.569964346634,0.591630679968,0.614632426356,0.30525250011,0.384254242675,0.569964346634,0.591630679968
58,1.07676722518,0.386809200919,0.530882691541,0.444014716582,0.955017610531,0.385954589,0.571486368669,0.478774622639,0.0981994903853,0.394488264299,1.55908161274,5.63787729541,0.993190989491,3.6987153076,0.872039799977,4.01721294837,1.64555676441,3.13220259489,0.771544025664,4.52155825697,0.0,24.0,31.0,21.0,51.0,30.0,0.601225402169,0.330213140883,0.466448135698,0.562235564383,0.60392485385,0.601225402169,0.330213140883,0.466448135698,0.562235564383,0.60392485385
59,1.08144152719,0.400609269239,0.507110209437,0.369191594036,0.871979921768,0.575738545316,0.482166729791,0.44156541665,0.0974582858673,0.448832188889,1.6133063962,8.09773256657,0.588110329038,4.27054120902,0.612131746449,4.60537741757,2.2001841912,2.58801695534,1.01347828516,3.78820118526,0.0,184.0,36.0,20.0,69.0,17.0,0.770671511926,0.30100971935,0.512826148869,0.501889988894,0.663265227074,0.770671511926,0.30100971935,0.512826148869,0.501889988894,0.663265227074
