,Layer 0,Layer 1,Layer 2,Layer 3,Layer 4
2.5,61.9774263705,17695.9688106,1806.94120831,13502.3716925,2717.18731891
5.0,123.352029446,17694.3521579,1806.94204664,13502.3716833,2717.18731892
7.5,184.129673044,17690.8113214,1806.94498608,13502.3716318,2717.18731899
10.0,244.316163047,17684.9181756,1806.95180107,13502.3714668,2717.18731933
12.5,303.91724918,17676.3649751,1806.96461441,13502.3710719,2717.18732035
15.0,362.938626108,17664.9311406,1806.98571901,13502.3702716,2717.18732288
17.5,421.38593163,17650.4654353,1807.01767263,13502.3688379,2717.18732836
20.0,479.264749499,17632.8717703,1807.06313375,13502.36649,2717.18733881
22.5,536.580612021,17612.1000161,1807.12483718,13502.3628628,2717.18735701
25.0,593.338995079,17588.1367558,1807.20561812,13502.3575324,2717.1873866
27.5,649.545319848,17560.9977876,1807.30837116,13502.3500335,2717.18743294
30.0,705.20495284,17530.7235535,1807.43596551,13502.3398246,2717.18750272
32.5,760.323208107,17497.3741471,1807.59129759,13502.326272,2717.18760352
35.0,814.905359864,17461.0244429,1807.77724998,13502.3086872,2717.18774412
37.5,868.956624111,17421.7614556,1807.99668313,13502.2863375,2717.18793606
40.0,922.482162574,17379.6801874,1808.25241766,13502.258419,2717.18819339
42.5,975.487084436,17334.8828409,1808.54723454,13502.2240534,2717.18853146
45.0,1027.97644655,17287.4762242,1808.88387016,13502.1823057,2717.18896718
47.5,1079.95527046,17237.5693348,1809.26500229,13502.1321914,2717.18952038
50.0,1131.4285292,17185.2730619,1809.69324492,13502.0726652,2717.19021431
52.5,1182.40113845,17130.6973141,1810.17114716,13502.0026261,2717.19107441
55.0,1232.87796373,17073.9529907,1810.70122952,13501.9209169,2717.19212863
57.5,1282.86382039,17015.1487319,1811.28595817,13501.826328,2717.1934074
60.0,1332.36348005,16954.3916428,1811.92773875,13501.7176135,2717.19494386
62.5,1381.38168021,16891.7861465,1812.62885998,13501.5934805,2717.19677533
65.0,1429.92310389,16827.4339472,1813.39152938,13501.4525935,2717.19894227
67.5,1477.99238814,16761.4341748,1814.21787622,13501.2935567,2717.20148859
70.0,1525.59412497,16693.8823672,1815.11003841,13501.114929,2717.20446084
72.5,1572.73286176,16624.8710817,1816.07009292,13500.9152258,2717.20790844
75.0,1619.41310182,16554.4894469,1817.10005658,13500.6929507,2717.21188442
77.5,1665.63930476,16482.8233035,1818.20183987,13500.4465924,2717.21644557
80.0,1711.41588707,16409.9553127,1819.37728946,13500.1746103,2717.22165361
82.5,1756.7472225,16335.9644128,1820.62819006,13499.8754173,2717.22757397
85.0,1801.63764259,16260.9262622,1821.95631152,13499.5473474,2717.23427611
87.5,1846.09143712,16184.9136357,1823.36337137,13499.1887115,2717.24183075
90.0,1890.11285131,16107.9964945,1824.85103616,13498.7977942,2717.25031179
92.5,1933.70608753,16030.2418149,1826.4208886,13498.3729286,2717.25979656
95.0,1976.87531019,15951.7125363,1828.07445852,13497.9124218,2717.27036788
97.5,2019.62464332,15872.4694228,1829.81322418,13497.4145725,2717.28211584
100.0,2061.95817107,15792.5707503,1831.63864085,13496.877587,2717.2951342
102.5,2103.87993811,15712.0724399,1833.5521184,13496.2996446,2717.3095209
105.0,2145.39395007,15631.0271879,1835.55502626,13495.6788988,2717.32537099
107.5,2186.504174,15549.4850258,1837.64869927,13495.0135294,2717.34278352
110.0,2227.21453882,15467.4940353,1839.83442451,13494.3017297,2717.36186001
112.5,2267.52893569,15385.100131,1842.1134146,13493.5416775,2717.38271101
115.0,2307.45121854,15302.3471163,1844.48685783,13492.7315572,2717.405454
117.5,2346.98520424,15219.2764446,1846.95590109,13491.8695653,2717.4302102
120.0,2386.13466313,15135.9277966,1849.52164934,13490.9538191,2717.45710699
122.5,2424.90333063,15052.3390887,1852.18519391,13489.9823807,2717.48627836
125.0,2463.29491023,14968.5465657,1854.94760895,13488.9533369,2717.51785645
127.5,2501.31306959,14884.5845593,1857.80992718,13487.8647538,2717.55196373
130.0,2538.96144096,14800.4856118,1860.77315592,13486.7146752,2717.58873297
132.5,2576.2436215,14716.2808763,1863.83827686,13485.5012027,2717.62829842
135.0,2613.16317377,14632.0000282,1867.00620865,13484.2225079,2717.67079521
137.5,2649.72362606,14547.6713296,1870.27784344,13482.8767184,2717.71636337
140.0,2685.92847284,14463.3216512,1873.65405126,13481.4619779,2717.76517069
142.5,2721.78117509,14378.9765825,1877.13567217,13479.9764496,2717.8173815
145.0,2757.28516077,14294.6604824,1880.72352241,13478.4182453,2717.87316416
147.5,2792.44382406,14210.396529,1884.41841911,13476.785373,2717.9326942
150.0,2827.26051499,14126.2067794,1888.2211487,13475.0759014,2717.99615384
152.5,2861.73855681,14042.1122213,1892.13247685,13473.2878874,2718.06370183
155.0,2895.88124334,13958.1328104,1896.15315225,13471.4193733,2718.13549738
157.5,2929.69183655,13874.2875184,1900.28389154,13469.4684418,2718.21170898
160.0,2963.17356703,13790.5943746,1904.52536575,13467.4333021,2718.29250454
162.5,2996.32963427,13707.0705037,1908.87823873,13465.3121129,2718.3780508
165.0,3029.16320705,13623.7321608,1913.3431517,13463.1030536,2718.46853361
167.5,3061.67742383,13540.5947644,1917.92072331,13460.8043317,2718.56416867
170.0,3093.87539304,13457.6730604,1922.61156867,13458.4141405,2718.66515979
172.5,3125.76019352,13374.9811222,1927.41629095,13455.9305407,2718.77171845
175.0,3157.33487483,13292.5322327,1932.33547142,13453.3516617,2718.88406463
177.5,3188.60245452,13210.3389996,1937.36967766,13450.6756346,2719.00241807
180.0,3219.56590875,13128.4133832,1942.51946234,13447.900582,2719.1269575
182.5,3250.22819385,13046.7667212,1947.78534004,13445.0246466,2719.25788015
185.0,3280.59223896,12965.409752,1953.16781297,13442.0461233,2719.39538552
187.5,3310.66094489,12884.3526351,1958.66736968,13438.9632714,2719.5396703
190.0,3340.43718449,12803.60497,1964.2844812,13435.7743663,2719.69092949
192.5,3369.92380295,12723.175812,1970.01960121,13432.4777156,2719.8494048
195.0,3399.12361807,12643.0736864,1975.87316611,13429.0716416,2720.01534246
197.5,3428.03942066,12563.3065999,1981.84559526,13425.5543386,2720.18898338
200.0,3456.6739748,12483.8822179,1987.93731227,13421.9240523,2720.37057735
202.5,3485.03001819,12404.8083129,1994.14873366,13418.1790474,2720.56038384
205.0,3513.11026246,12326.091836,2000.48025307,13414.3175865,2720.75863953
207.5,3540.91738916,12247.7392782,2006.93225308,13410.33794,2720.96554852
210.0,3568.45404706,12169.7567313,2013.50510582,13406.238525,2721.18133931
212.5,3595.72286645,12092.1498959,2020.19917355,13402.0177563,2721.4062367
215.0,3622.72645248,12014.9240886,2027.01480934,13397.6740555,2721.64046072
217.5,3649.46738523,11938.0842465,2033.95234274,13393.2058794,2721.88423989
220.0,3675.9482199,11861.6349308,2041.0120591,13388.6117162,2722.13786284
222.5,3702.17148718,11785.580328,2048.19425434,13383.8899541,2722.40159837
225.0,3728.1396935,11709.9242496,2055.49921251,13379.0390016,2722.67571927
227.5,3753.85532132,11634.6701301,2062.92720441,13374.0573053,2722.96050798
230.0,3779.32082942,11559.8210853,2070.4784877,13368.9433158,2723.25625441
232.5,3804.53865322,11485.3813593,2078.15330693,13363.695488,2723.56319406
235.0,3829.51120499,11411.3545309,2085.95189481,13358.3123967,2723.88156614
237.5,3854.24086644,11337.7434184,2093.8744822,13352.792656,2724.21162098
240.0,3878.72999312,11264.5505877,2101.92128433,13347.1348765,2724.55360345
242.5,3902.98092429,11191.778355,2110.09250334,13341.3377053,2724.90775198
245.0,3926.99597661,11119.4287883,2118.38833036,13335.3998281,2725.27434024
247.5,3950.77744432,11047.5037077,2126.8089457,13329.3198733,2725.65368081
250.0,3974.32759953,10976.0046844,2135.35451909,13323.0964531,2726.04606339
252.5,3997.64869249,10904.9331813,2144.02520987,13316.7282357,2726.45178677
255.0,4020.74295179,10834.2911184,2152.82116535,13310.2138991,2726.87115984
257.5,4043.61258467,10764.0798379,2161.74252228,13303.5521297,2727.30448438
260.0,4066.25977725,10694.3004303,2170.78940823,13296.7416958,2727.75200015
262.5,4088.68669475,10624.9538155,2179.96194085,13289.7814474,2728.21397498
265.0,4110.89548164,10556.040745,2189.26022804,13282.6702212,2728.69067565
267.5,4132.88825509,10487.5618033,2198.68436813,13275.406892,2729.18236231
270.0,4154.66711318,10419.5174082,2208.23445005,13267.9903742,2729.68929169
272.5,4176.23413651,10351.9078111,2217.91054542,13260.4195732,2730.21178459
275.0,4197.59138564,10284.7332916,2227.71269887,13252.6933581,2730.75015769
277.5,4218.74090129,10217.9942308,2237.64095571,13244.8106633,2731.30472063
280.0,4239.68470457,10151.6906595,2247.69535002,13236.7704424,2731.87579225
282.5,4260.42479722,10085.8224889,2257.87590398,13228.5716663,2732.46370152
285.0,4280.96316183,10020.3895179,2268.18262775,13220.2133224,2733.06874043
287.5,4301.30176209,9955.39143457,2278.61551947,13211.6944136,2733.69116884
290.0,4321.44254297,9890.82781859,2289.1745673,13203.0139573,2734.33127172
292.5,4341.38743103,9826.69814221,2299.85976591,13194.1710886,2734.98932768
295.0,4361.13833357,9763.00177454,2310.67109265,13185.1650248,2735.66560787
297.5,4380.6971301,9699.73813897,2321.60851221,13175.9949463,2736.36039547
300.0,4400.06568675,9636.90656939,2332.6719797,13166.6600711,2737.0740372
302.5,4419.24585362,9574.50625754,2343.86144086,13157.1596549,2737.80685287
305.0,4438.23946294,9512.53631873,2355.17683216,13147.4929931,2738.55916655
307.5,4457.0483292,9450.99579394,2366.61808073,13137.6594216,2739.33131124
310.0,4475.67424939,9389.88365187,2378.18508201,13127.6583169,2740.12362466
312.5,4494.11900321,9329.19879049,2389.87771652,13117.4889527,2740.93638284
315.0,4512.38435321,9268.94003853,2401.69586299,13107.1506164,2741.76987137
317.5,4530.47204506,9209.10616602,2413.63938734,13096.642686,2742.62438338
320.0,4548.38380772,9149.69594278,2425.70814255,13085.9645616,2743.50020508
322.5,4566.12135362,9090.70805073,2437.90196841,13075.1156647,2744.3976148
325.0,4583.68637762,9032.1411066,2450.22069142,13064.0954377,2745.31693133
327.5,4601.08055356,8973.99367272,2462.66413834,13052.9033429,2746.25850086
330.0,4618.30554266,8916.26425817,2475.23215043,13041.5388689,2747.22264895
332.5,4635.36299058,8858.95131973,2487.92453972,13030.001695,2748.20970869
335.0,4652.25452719,8802.05326265,2500.74110843,13018.291511,2749.22002159
337.5,4668.98176667,8745.56844114,2513.68165007,13006.4079921,2750.25391726
340.0,4685.54630775,8689.49520996,2526.74594964,12994.3508549,2751.3116692
342.5,4701.94973386,8633.83197563,2539.93378386,12982.1198591,2752.393578
345.0,4718.19361332,8578.57703762,2553.24491596,12969.7148079,2753.49994075
347.5,4734.27949953,8523.72866245,2566.67905836,12957.1355498,2754.63104738
350.0,4750.20893116,8469.28508893,2580.23592825,12944.3819628,2755.78718547
352.5,4765.98343231,8415.24453011,2593.91523576,12931.4537585,2756.96870068
355.0,4781.60450896,8361.60517523,2607.71667725,12918.3507428,2758.17592795
357.5,4797.07364692,8308.36519148,2621.63993502,12905.0727909,2759.40919729
360.0,4812.39232353,8255.52272548,2635.68467709,12891.6198,2760.66884561
362.5,4827.56200201,8203.07585255,2649.85055734,12877.9916882,2761.95521759
365.0,4842.58413138,8151.02261524,2664.13725484,12864.1883935,2763.26865559
367.5,4857.46014668,8099.36105739,2678.54444213,12850.2098728,2764.60948643
370.0,4872.19146904,8048.08919746,2693.07176533,12836.0561312,2765.97802305
372.5,4886.77950592,7997.20502862,2707.71886217,12821.7274124,2767.37456163
375.0,4901.22565122,7946.70651863,2722.48536228,12807.2239012,2768.79938162
377.5,4915.53128545,7896.59160964,2737.37088748,12792.5457924,2770.25274572
380.0,4929.69777587,7846.85821782,2752.37505207,12777.693325,2771.73489988
382.5,4943.7264767,7797.5042467,2767.49744105,12762.6667831,2773.24607332
385.0,4957.61872692,7748.52771286,2782.73759108,12747.4664973,2774.78663441
387.5,4971.3758519,7699.92657136,2798.09505529,12732.0928459,2776.35702164
390.0,4984.99916601,7651.69874463,2813.56937373,12716.5462016,2777.95754813
392.5,4998.48997096,7603.84214995,2829.16007199,12700.8267399,2779.58852573
395.0,5011.849556,7556.35470108,2844.86666084,12684.9347967,2781.25026506
397.5,5025.07919801,7509.2343099,2860.68863592,12668.8707518,2782.94307551
400.0,5038.18016168,7462.478888,2876.62548587,12652.6350042,2784.6672652
402.5,5051.15369963,7416.08634839,2892.67674451,12636.2279704,2786.42314104
405.0,5064.00105259,7370.05456846,2908.8419109,12619.6500836,2788.21101644
407.5,5076.72344953,7324.38132435,2925.12046779,12602.9017923,2790.03121087
410.0,5089.3221078,7279.06445112,2941.51189058,12585.9836385,2791.8840349
412.5,5101.79823308,7234.10177761,2958.01564767,12568.8964027,2793.76979855
415.0,5114.15301239,7189.49112024,2974.63120086,12551.6407566,2795.68881141
417.5,5126.38762285,7145.23028226,2991.35800488,12534.217402,2797.64138256
420.0,5138.50323297,7101.31705271,3008.19545521,12516.6270845,2799.62782065
422.5,5150.50099993,7057.7492054,3025.14293292,12498.8705948,2801.64843382
425.0,5162.38206963,7014.52449773,3042.19982736,12480.9487696,2803.70352606
427.5,5174.1475769,6971.64079731,3059.36551359,12462.8624932,2805.7933955
430.0,5185.79864556,6929.09602517,3076.63935213,12444.6125726,2807.91834452
432.5,5197.33638858,6886.88802308,3094.02068854,12426.1996451,2810.07867477
435.0,5208.76190816,6845.01464162,3111.50885308,12407.624537,2812.27468692
437.5,5220.07629591,6803.47374208,3129.10319134,12388.8880949,2814.50668079
440.0,5231.28063294,6762.26319834,3146.80308625,12369.9911783,2816.77495522
442.5,5242.37598997,6721.38089895,3164.60787382,12350.9346585,2819.07980819
445.0,5253.36342749,6680.82474914,3182.51688254,12331.7194163,2821.42153796
447.5,5264.24399584,6640.59266152,3200.52943506,12312.3463413,2823.80044455
450.0,5275.01873539,6600.6823951,3218.64484869,12292.8164965,2826.21682503
452.5,5285.6886766,6561.09175823,3236.86243577,12273.131114,2828.67097561
455.0,5296.25484018,6521.81859834,3255.18149339,12253.2913056,2831.16319177
457.5,5306.71823721,6482.86075958,3273.60124279,12233.2982217,2833.69376827
460.0,5317.07986927,6444.21608159,3292.12092498,12213.1530538,2836.26299912
462.5,5327.34072289,6405.88239827,3310.73977703,12192.8570354,2838.87117763
465.0,5337.50176981,6367.8575364,3329.45702228,12172.4114434,2841.51859265
467.5,5347.56398021,6330.13931412,3348.27187004,12151.8175986,2844.20552116
470.0,5357.52831504,6292.72557919,3367.18351519,12131.0766292,2846.93224696
472.5,5367.39572602,6255.61431605,3386.19113915,12110.1896059,2849.69905319
475.0,5377.16715572,6218.80342961,3405.29397657,12089.1577556,2852.50622158
477.5,5386.84353771,6182.29082317,3424.49125505,12067.9823114,2855.35403239
480.0,5396.42579665,6146.07441071,3443.78217073,12046.6645113,2858.24276449
482.5,5405.91484837,6110.15211788,3463.16591544,12025.205596,2861.17269528
485.0,5415.31160004,6074.52188313,3482.64167727,12003.606807,2864.14410163
487.5,5424.61695024,6039.18165882,3502.20864107,11981.8693899,2867.15726274
490.0,5433.83178908,6004.12941235,3521.86598901,11959.9948719,2870.21245414
492.5,5442.95699829,5969.36308047,3541.61286464,11937.9848062,2873.30994976
495.0,5451.99345138,5934.88057323,3561.44835228,11915.8406614,2876.45002231
497.5,5460.94201369,5900.67984988,3581.37156916,11893.5639411,2879.63294328
500.0,5469.80354256,5866.75887657,3601.38162143,11871.1561849,2882.85898298
502.5,5478.57888737,5833.11562595,3621.47760267,11848.6189696,2886.12841047
505.0,5487.26888973,5799.74807696,3641.65859361,11825.9539105,2889.4414913
507.5,5495.87438351,5766.65421456,3661.92366168,11803.1626462,2892.79847607
510.0,5504.39619128,5733.83202937,3682.27187471,11780.2465147,2896.19962118
512.5,5512.83510927,5701.27951894,3702.70237184,11757.2069322,2899.645183
515.0,5521.19194042,5668.99472595,3723.21424873,11734.0454109,2903.1354159
517.5,5529.46748279,5636.97569609,3743.80658819,11710.76346,2906.67057227
520.0,5537.66252683,5605.22047354,3764.4784712,11687.3625835,2910.25090248
522.5,5545.7778554,5573.72711348,3785.22897749,11663.8442779,2913.87665493
525.0,5553.81424392,5542.49368246,3806.05718618,11640.2100301,2917.54807689
527.5,5561.77246043,5511.51825868,3826.96217459,11616.4613495,2921.26542096
530.0,5569.65326568,5480.79893234,3847.94294495,11592.6000999,2925.02893465
532.5,5577.45741327,5450.333806,3868.9984944,11568.6280346,2928.8388625
535.0,5585.18564967,5420.12098681,3890.12783761,11544.5468622,2932.69544745
537.5,5592.83871438,5390.15855369,3911.32997875,11520.3583204,2936.5989309
540.0,5600.41734,5360.44461479,3932.60391111,11496.0641771,2940.54955263
542.5,5607.92225228,5330.97728969,3953.94861677,11471.6662315,2944.54755087
545.0,5615.3541703,5301.75470455,3975.36306619,11447.1663159,2948.59316099
547.5,5622.71380649,5272.77499169,3996.84626157,11422.5662348,2952.68660045
550.0,5630.00186674,5244.03628907,4018.39725578,11397.8674395,2956.8280905
552.5,5637.21905053,5215.53673971,4040.01505085,11373.0715634,2961.01785387
555.0,5644.36605097,5187.27449113,4061.69864814,11348.1802799,2965.25611076
557.5,5651.44355446,5159.24773112,4083.44704992,11323.1952492,2969.54307889
560.0,5658.45222261,5131.45470169,4105.25926005,11298.1181162,2973.87897346
562.5,5665.39271594,5103.89361614,4127.13428467,11272.9505079,2978.26400718
565.0,5672.26569721,5076.56270111,4149.07111676,11247.6940311,2982.69839067
567.5,5679.0718228,5049.46019814,4171.06866262,11222.3503657,2987.18234171
570.0,5685.81174286,5022.5843643,4193.12586517,11196.9215391,2991.7160735
572.5,5692.48610131,4995.93347307,4215.24166939,11171.409376,2996.29979427
575.0,5699.09553597,4969.50581507,4237.41501177,11145.8156903,3000.9337103
577.5,5705.64067863,4943.29969731,4259.64481995,11120.142317,3005.61802595
580.0,5712.12215511,4917.31336492,4281.93001233,11094.391114,3010.35294363
582.5,5718.54058536,4891.54507443,4304.2695001,11068.563963,3015.1386638
585.0,5724.89658351,4865.99312044,4326.66226891,11042.6627711,3019.9753846
587.5,5731.19075798,4840.65580346,4349.10729784,11016.6893509,3024.86328618
590.0,5737.42371154,4815.53142901,4371.6035395,10990.645247,3029.80254788
592.5,5743.5960414,4790.61830684,4394.14994956,10964.5322,3034.79335262
595.0,5749.70833926,4765.91474992,4416.74548751,10938.3519502,3039.83588041
597.5,5755.76119143,4741.41907355,4439.38911737,10912.1062223,3044.93030829
600.0,5761.75517888,4717.12960974,4462.07980835,10885.7967234,3050.07681038
602.5,5767.6908773,4693.04479941,4484.81648753,10859.4251412,3055.27555784
605.0,5773.56885723,4669.16304798,4507.59802556,10832.9931418,3060.52671898
607.5,5779.38967521,4645.48276066,4530.42333963,10806.5025025,3065.83046849
610.0,5785.15387293,4622.00235861,4553.29134171,10779.9551736,3071.18697921
612.5,5790.86200051,4598.72027978,4576.20093738,10753.3529464,3076.59641672
615.0,5796.51460306,4575.63497993,4599.15102553,10726.6976161,3082.05894428
617.5,5802.11222051,4552.74493358,4622.14049793,10699.9909855,3087.57472285
620.0,5807.65538764,4530.04863511,4645.16825712,10673.2348666,3093.1439111
622.5,5813.14463415,4507.54455427,4668.23329249,10646.4310806,3098.76666537
625.0,5818.58048472,4485.23109259,4691.3345497,10619.5814593,3104.44313972
627.5,5823.96345908,4463.10672498,4714.47096966,10592.6876913,3110.17347321
630.0,5829.29407209,4441.16993508,4737.64149916,10565.7513557,3115.95779781
632.5,5834.57283377,4419.41921158,4760.84509156,10538.7741432,3121.79625118
635.0,5839.80024941,4397.85304729,4784.08070751,10511.7577259,3127.68896774
637.5,5844.9768196,4376.46993813,4807.34731274,10484.7037551,3133.63607857
640.0,5850.10304028,4355.26838203,4830.64379258,10457.61386,3139.63771149
642.5,5855.17940288,4334.24687836,4853.96904102,10430.4896461,3145.69399104
645.0,5860.20639428,4313.40400414,4877.32197717,10403.3326948,3151.80503845
647.5,5865.18449698,4292.73835776,4900.70151629,10376.1447789,3157.97097849
650.0,5870.11418908,4272.24851027,4924.10656936,10348.9277111,3164.1919378
652.5,5874.9959444,4251.93304529,4947.5360427,10321.68319,3170.46803379
655.0,5879.83022989,4231.79055952,4970.98883757,10294.412919,3176.79938115
657.5,5884.61749369,4211.81966335,4994.46390121,10267.1186079,3183.18609195
660.0,5889.3581904,4192.01898143,5017.96023634,10239.8019734,3189.62827557
662.5,5894.05277277,4172.38715336,5041.47680013,10212.4647406,3196.12603875
665.0,5898.70168916,4152.92282856,5065.01255693,10185.1086372,3202.67948556
667.5,5903.30538368,4133.62461478,5088.56647946,10157.7351422,3209.28870957
670.0,5907.86429624,4114.49115092,5112.1375495,10130.3457385,3215.95379208
672.5,5912.37886253,4095.52109529,5135.72475864,10102.9419807,3222.67482073
675.0,5916.84951415,4076.7131147,5159.32708876,10075.5253988,3229.45187986
677.5,5921.27667865,4058.06588419,5182.94343637,10048.0974964,3236.28505024
680.0,5925.66077955,4039.57808671,5206.57274756,10020.6597491,3243.17440913
682.5,5930.00223641,4021.24841277,5230.21397621,9993.21360279,3250.12003024
685.0,5934.30146491,4003.07556014,5253.86607422,9965.76048982,3257.12198375
687.5,5938.55887686,3985.05824304,5277.52799107,9938.30210289,3264.18033633
690.0,5942.77488029,3967.1952083,5301.19867342,9910.84005333,3271.29515109
692.5,5946.94987948,3949.4851958,5324.8770682,9883.37587932,3278.46648762
695.0,5951.08427502,3931.92695456,5348.56220868,9855.9111212,3285.69440198
697.5,5955.17846388,3914.51924423,5372.25312191,9828.44732257,3292.978947
700.0,5959.23283943,3897.2608352,5395.94881685,9800.9860315,3300.3201864
702.5,5963.2477913,3880.15050881,5419.64831228,9773.52880168,3307.7181777
705.0,5967.22369369,3863.18705746,5443.35063742,9746.07716041,3315.17296884
707.5,5971.16091996,3846.36928483,5467.05483267,9718.63234503,3322.68460469
710.0,5975.05984582,3829.69598367,5490.75995028,9691.19569056,3330.25312707
712.5,5978.92084336,3813.16594593,5514.46500013,9663.76855676,3337.87857473
715.0,5982.74428112,3796.77798548,5538.16894635,9636.35227504,3345.56098335
717.5,5986.53052407,3780.5309229,5561.87080587,9608.94814694,3353.30038555
720.0,5990.27993371,3764.42358494,5585.56959602,9581.55744241,3361.0968109
722.5,5993.99286809,3748.4548042,5609.26433364,9554.18139825,3368.95028589
725.0,5997.66968185,3732.62341861,5632.95403474,9526.82127467,3376.86083395
727.5,6001.3107263,3716.92827099,5656.63771399,9499.47860886,3384.82847545
730.0,6004.9163494,3701.36821194,5680.31440539,9472.15477259,3392.85322333
732.5,6008.48689586,3685.9421474,5703.98323384,9444.85110214,3400.93506132
735.0,6012.02270716,3670.64897882,5727.64328389,9417.56893532,3409.07398729
737.5,6015.52412159,3655.48760653,5751.29364251,9390.30961285,3417.26999976
740.0,6018.99147431,3640.45694223,5774.93340814,9363.07447969,3425.52309353
742.5,6022.42509738,3625.55590955,5798.56169126,9335.86488645,3433.8332597
745.0,6025.8253198,3610.78344444,5822.17761512,9308.68210451,3442.20048564
747.5,6029.19246758,3596.13849574,5845.78031223,9281.52712358,3450.62475499
750.0,6032.52686375,3581.62002574,5869.36883706,9254.40108832,3459.10604771
752.5,6035.82882554,3567.22699345,5892.94226394,9227.30513485,3467.64434001
755.0,6039.09866365,3552.9583086,5916.49969489,9200.24036899,3476.23960439
757.5,6042.33669058,3538.81292454,5940.04023312,9173.20786466,3484.89180964
760.0,6045.54321609,3524.78980445,5963.56298255,9146.20866228,3493.60092083
762.5,6048.718547,3510.8879159,5987.06704739,9119.24376721,3502.36690228
765.0,6051.86298732,3497.10623018,6010.55153165,9092.31427491,3511.18971881
767.5,6054.97683821,3483.44372165,6034.01559349,9065.42150796,3520.06932676
770.0,6058.06039808,3469.89936702,6057.45844293,9038.56659164,3529.00567872
772.5,6061.11396261,3456.47214456,6080.87925235,9011.75064229,3537.99872377
775.0,6064.13782476,3443.16107919,6104.27720589,8984.97477825,3547.04840739
777.5,6067.13227485,3429.96523843,6127.65150025,8958.24012143,3556.15467151
780.0,6070.09760059,3416.88365949,6151.0013453,8931.54779872,3565.31745454
782.5,6073.03408709,3403.91539063,6174.3259647,8904.89894357,3574.53669128
785.0,6075.94201696,3391.05949199,6197.62457402,8878.29453343,3583.81231302
787.5,6078.82167026,3378.31503616,6220.89631194,8851.73535377,3593.14424747
790.0,6081.67332464,3365.68110887,6244.14037143,8825.22234292,3602.53241878
792.5,6084.49725528,3353.15680974,6267.35595545,8798.75641325,3611.97674751
795.0,6087.29373503,3340.74124992,6290.5422689,8772.33844742,3621.47714704
797.5,6090.06303436,3328.4334787,6313.69851817,8745.96929686,3631.03352744
800.0,6092.80541897,3316.23256482,6336.82391066,8719.64978032,3640.64579717
802.5,6095.52113674,3304.13760474,6359.9176588,8693.38068242,3650.31386099
805.0,6098.2104441,3292.14769865,6382.9790628,8667.16294405,3660.03762005
807.5,6100.87359779,3280.2619498,6406.007415,8640.9975857,3669.8169718
810.0,6103.51085204,3268.47946377,6429.00199646,8614.88548429,3679.65181004
812.5,6106.12245859,3256.79934768,6451.96210085,8588.82751369,3689.54202492
815.0,6108.7086667,3245.22070939,6474.88703504,8562.82454601,3699.48750293
817.5,6111.26972322,3233.74267087,6497.77611967,8536.87745272,3709.48812688
820.0,6113.80587256,3222.36442495,6520.62868973,8510.9871059,3719.54377593
822.5,6116.31735678,3211.08513483,6543.44403861,8485.15437764,3729.65432559
825.0,6118.80441555,3199.90396494,6566.22142651,8459.3799633,3739.81964793
827.5,6121.26728624,3188.82008889,6588.96016402,8433.66452508,3750.0396131
830.0,6123.7062039,3177.83268984,6611.65956466,8408.00878947,3760.31408659
832.5,6126.12140134,3166.94096099,6634.31894428,8382.41346081,3770.64292989
835.0,6128.51310908,3156.14410607,6656.93762064,8356.87922042,3781.02600086
837.5,6130.88155544,3145.44133983,6679.51491287,8331.40672572,3791.46315379
840.0,6133.22696657,3134.83186143,6702.05016336,8305.99660942,3801.9542393
842.5,6135.54956644,3124.31484448,6724.5427994,8280.649485,3812.49910442
845.0,6137.84957686,3113.88949856,6746.99221146,8255.36612163,3823.09759256
847.5,6140.12721756,3103.55503802,6769.39779598,8230.14725421,3833.74954352
850.0,6142.38270468,3093.31068106,6791.75896224,8204.99355443,3844.45479346
852.5,6144.61625256,3083.15564927,6814.07513292,8179.90569104,3855.21317495
855.0,6146.82807429,3073.08916716,6836.34574462,8154.88433076,3866.02451693
857.5,6149.0183809,3063.11046171,6858.57024338,8129.93013932,3876.88864383
860.0,6151.18738141,3053.21876286,6880.74800382,8105.04378243,3887.8053748
862.5,6153.33528286,3043.41335124,6902.87842584,8080.22591157,3898.77452703
865.0,6155.46229034,3033.69351327,6924.96093431,8055.47697593,3909.79591418
867.5,6157.56860699,3024.05852525,6946.99495703,8030.79747009,3920.8693462
870.0,6159.65443405,3014.50767281,6968.97992424,8006.18791267,3931.99462938
872.5,6161.71997087,3005.04025153,6990.91526809,7981.64879966,3943.17156634
875.0,6163.76541496,2995.65556737,7012.8004222,7957.18060346,3954.39995603
877.5,6165.79096199,2986.35293731,7034.6348756,7932.78377196,3965.67959372
880.0,6167.79680584,2977.13168991,7056.4181593,7908.45872753,3977.010271
882.5,6169.78313858,2967.99115473,7078.14977389,7884.20589522,3988.3917758
885.0,6171.75015058,2958.930596,7099.82923217,7860.02589292,3999.82389238
887.5,6173.69803043,2949.94931657,7121.45605964,7835.9192365,4011.30640134
890.0,6175.62696507,2941.04663208,7143.02979501,7811.88640649,4022.83909116
892.5,6177.53713973,2932.22185938,7164.54999069,7787.92788262,4034.42174764
895.0,6179.42873801,2923.4743157,7186.01619033,7764.04414494,4046.05414541
897.5,6181.30193902,2914.80331785,7207.42787213,7740.23567496,4057.73605581
900.0,6183.15691606,2906.20818132,7228.78456548,7716.50295669,4069.46724684
902.5,6184.9938459,2897.68821934,7250.08580846,7692.8464328,4081.2474832
905.0,6186.8129038,2889.24277818,7271.33114188,7669.26634249,4093.07652627
907.5,6188.61426339,2880.87127102,7292.52010882,7645.76302196,4104.9541341
910.0,6190.39809661,2872.57306624,7313.65225407,7622.33680792,4116.88006144
912.5,6192.16457378,2864.34753849,7334.72712893,7598.98801621,4128.85405973
915.0,6193.91386363,2856.19407138,7355.74436542,7575.71694088,4140.87587706
917.5,6195.64613329,2848.11205816,7376.7035847,7552.52385333,4152.94525825
920.0,6197.36154834,2840.10090242,7397.60440056,7529.40900135,4165.06194446
922.5,6199.06027279,2832.16001881,7418.44643863,7506.37267441,4177.22567034
925.0,6200.74246916,2824.28883345,7439.22933677,7483.4153283,4189.43616888
927.5,6202.40829845,2816.48672801,7459.95274562,7460.53729092,4201.69317047
930.0,6204.05792019,2808.7530813,7480.61632893,7437.73887924,4213.9964021
932.5,6205.69149244,2801.08730437,7501.21971016,7415.02041141,4226.34558736
935.0,6207.30917184,2793.48881142,7521.76249078,7392.38220794,4238.74044646
937.5,6208.91111361,2785.95701944,7542.24431427,7369.82459279,4251.18069619
940.0,6210.49747156,2778.49134769,7562.66482695,7347.34789448,4263.66604997
942.5,6212.06839815,2771.09121725,7583.02367747,7324.952355,4276.19621781
945.0,6213.62404448,2763.75605053,7603.32051636,7302.63805866,4288.77090634
947.5,6215.16456031,2756.48527464,7623.55499554,7280.40520053,4301.38981877
950.0,6216.6900941,2749.27835612,7643.72676887,7258.25396137,4314.05265494
952.5,6218.20079302,2742.13475155,7663.83550464,7236.18450232,4326.75912093
955.0,6219.69680299,2735.05391557,7683.88089276,7214.19696397,4339.50894354
957.5,6221.17826864,2728.03530807,7703.86264304,7192.29146546,4352.30182426
960.0,6222.64533344,2721.07839436,7723.7804851,7170.46810354,4365.13746007
962.5,6224.09813959,2714.18264525,7743.63416846,7148.72707441,4378.01554528
965.0,6225.53682816,2707.34753726,7763.42346245,7127.06867398,4390.93577153
967.5,6226.96153904,2700.57255271,7783.14815627,7105.49308001,4403.89782778
970.0,6228.37241097,2693.85717381,7802.80805899,7084.00047151,4416.90140032
972.5,6229.76958159,2687.2008725,7822.4029995,7062.59103064,4429.94617277
975.0,6231.15317376,2680.60313528,7841.93282656,7041.26494378,4443.03182607
977.5,6232.52330747,2674.06345301,7861.39732341,7020.02240268,4456.15803849
980.0,6233.88011336,2667.58131989,7880.79600506,6998.86360539,4469.32448563
982.5,6235.22372083,2661.15623331,7900.1286205,6977.7886004,4482.53084042
985.0,6236.55425803,2654.78769369,7919.39495376,6956.79737342,4495.77676605
987.5,6237.87185189,2648.47520429,7938.59479668,6935.88999283,4509.06192095
990.0,6239.17662812,2642.21827105,7957.72794886,6915.06650966,4522.38596659
992.5,6240.46871122,2636.01641722,7976.7942177,6894.32695675,4535.74856153
995.0,6241.74822454,2629.86917652,7995.79341835,6873.67134775,4549.14936139
997.5,6243.01529023,2623.77607807,8014.72537374,6853.09967628,4562.58801891
1000.0,6244.27002932,2617.73665647,8033.58991459,6832.61191799,4576.06418389
1002.5,6245.51256167,2611.75045199,8052.38687939,6812.20821219,4589.57750322
1005.0,6246.74300604,2605.81701077,8071.11609957,6791.88869713,4603.12762089
1007.5,6247.9614801,2599.93588509,8089.7773544,6771.65343578,4616.71417795
1010.0,6249.1681004,2594.10663361,8108.37047397,6751.50249491,4630.33681255
1012.5,6250.36298244,2588.32881932,8126.89530113,6731.43594619,4643.99515993
1015.0,6251.54624064,2582.60197826,8145.35168441,6711.45386732,4657.68885524
1017.5,6252.71798841,2576.92565889,8163.73947811,6691.55634314,4671.41757265
1020.0,6253.87833811,2571.2994197,8182.05854226,6671.74345728,4685.18096499
1022.5,6255.02740108,2565.72282092,8200.30874262,6652.01509679,4698.97867089
1025.0,6256.16528769,2560.19542419,8218.48995069,6632.37117954,4712.81032706
1027.5,6257.29210731,2554.71679211,8236.60204371,6612.8116677,4726.67556838
1030.0,6258.40796836,2549.2864879,8254.64490465,6593.33650739,4740.57402783
1032.5,6259.5129783,2543.90407494,8272.61842481,6573.94562781,4754.50533651
1035.0,6260.60724366,2538.56912778,8290.52251397,6554.63894023,4768.46912364
1037.5,6261.69087005,2533.28126234,8308.35707916,6535.41633718,4782.46501657
1040.0,6262.76396218,2528.04007452,8326.12203178,6516.27771091,4796.49264078
1042.5,6263.82662388,2522.84516258,8343.81728942,6497.22314796,4810.55161986
1045.0,6264.87895808,2517.6961306,8361.44277581,6478.25265922,4824.64157551
1047.5,6265.9210669,2512.59258883,8378.99842083,6459.3662172,4838.76212858
1050.0,6266.95305109,2507.53415406,8396.48416054,6440.56379979,4852.91290122
1052.5,6267.97499832,2502.52045009,8413.89993713,6421.84539134,4867.09351108
1055.0,6268.98700086,2497.55110811,8431.24569896,6403.21098381,4881.30357368
1057.5,6269.98915514,2492.62573611,8448.52140055,6384.66057781,4895.54270275
1060.0,6270.98155669,2487.74392184,8465.72699483,6366.19415019,4909.81051024
1062.5,6271.96430014,2482.90528172,8482.86239419,6347.81147295,4924.10660631
1065.0,6272.93747926,2478.10943282,8499.92754594,6329.51240976,4938.43059933
1067.5,6273.90118692,2473.35599234,8516.92240959,6311.29683906,4952.78209588
1070.0,6274.85551516,2468.64457706,8533.84694932,6293.16462444,4967.16070075
1072.5,6275.80055518,2463.97480284,8550.70113393,6275.11561366,4981.56601695
1075.0,6276.73639733,2459.346284,8567.48493688,6257.14963776,4995.9976457
1077.5,6277.66313117,2454.7586352,8584.1983363,6239.26651014,5010.45518641
1080.0,6278.58084544,2450.21152777,8600.84131494,6221.4660768,5024.93824931
1082.5,6279.48962809,2445.70462698,8617.41386023,6203.74836804,5039.44645
1085.0,6280.3895663,2441.2375861,8633.91596424,6186.11329841,5053.97938949
1087.5,6281.28074647,2436.81006462,8650.34762368,6168.56077094,5068.53666745
1090.0,6282.16325425,2432.42172883,8666.70883992,6151.09069541,5083.11788228
1092.5,6283.03717458,2428.07225235,8682.99961898,6133.70298941,5097.72263103
1095.0,6283.90259162,2423.76131678,8699.21997154,6116.39757942,5112.3505095
1097.5,6284.75958887,2419.48861232,8715.36991292,6099.17440193,5127.00111215
1100.0,6285.60824909,2415.25382474,8731.44946309,6082.03333103,5141.67403218
1102.5,6286.44865436,2411.05658133,8747.45864669,6064.97406987,5156.36886145
1105.0,6287.2808861,2406.89654661,8763.39748231,6047.99643725,5171.08519056
1107.5,6288.10502504,2402.77339253,8779.26598217,6031.10024758,5185.82260878
1110.0,6288.92115128,2398.68679087,8795.06417892,6014.28530142,5200.58070485
1112.5,6289.72934428,2394.63641265,8810.79210984,5997.55138457,5215.35908247
1115.0,6290.52968286,2390.62192756,8826.44981652,5980.89826708,5230.15733834
1117.5,6291.32224524,2386.6430033,8842.0373449,5964.32570238,5244.97506248
1120.0,6292.10710904,2382.69930491,8857.55474521,5947.83352528,5259.81184406
1122.5,6292.88435128,2378.79052296,8873.002072,5931.42170122,5274.66727135
1125.0,6293.65404843,2374.91638367,8888.37938413,5915.09007784,5289.54093172
1127.5,6294.41627399,2371.07658387,8903.68674481,5898.83850677,5304.43241168
1130.0,6295.17108493,2367.27082387,8918.92422152,5882.66684748,5319.34129684
1132.5,6295.91854985,2363.49880833,8934.09188609,5866.57496842,5334.26717191
1135.0,6296.65874002,2359.76024656,8949.18981467,5850.56274797,5349.20962073
1137.5,6297.39172606,2356.05485291,8964.21808769,5834.63007563,5364.16822626
1140.0,6298.11757792,2352.38234714,8979.17678995,5818.77672314,5379.14257055
1142.5,6298.83636492,2348.74245416,8994.06601051,5803.00237023,5394.13224233
1145.0,6299.54815573,2345.13487535,9008.88584279,5787.30679599,5409.13686077
1147.5,6300.25301841,2341.55931589,9023.63638271,5771.6897676,5424.15602051
1150.0,6300.95102039,2338.01549438,9038.3176712,5756.15103927,5439.18931222
1152.5,6301.64222852,2334.50313122,9052.92977344,5740.69035129,5454.23632649
1155.0,6302.32670902,2331.02194844,9067.47278409,5725.30742912,5469.29665387
1157.5,6303.00452756,2327.57166955,9081.94680132,5710.00198315,5484.36988483
1160.0,6303.67574919,2324.15201936,9096.35192677,5694.77386769,5499.45560978
1162.5,6304.34043844,2320.76272377,9110.68826558,5679.62297207,5514.55341907
1165.0,6304.99865925,2317.40351205,9124.95592638,5664.54910391,5529.66290299
1167.5,6305.65047502,2314.07413106,9139.15502127,5649.55207859,5544.78365176
1170.0,6306.29594862,2310.77432269,9153.28566587,5634.63172029,5559.91525553
1172.5,6306.93514238,2307.50382945,9167.34797927,5619.787863,5575.0573044
1175.0,6307.56811811,2304.26239684,9181.34208406,5605.02035161,5590.20938666
1177.5,6308.19493712,2301.04977347,9195.26810631,5590.32903851,5605.371089
1180.0,6308.81566023,2297.86571116,9209.12617558,5575.71360932,5620.5420002
1182.5,6309.43034773,2294.70996506,9222.91642493,5561.17375668,5635.72170893
1185.0,6310.03905947,2291.5822937,9236.6389909,5546.70923036,5650.90980375
1187.5,6310.64185481,2288.48245156,9250.29401352,5532.31976959,5666.10587303
1190.0,6311.23879265,2285.41018186,9263.88163633,5518.00510219,5681.30950503
1192.5,6311.82993144,2282.36523994,9277.40199287,5503.76494375,5696.52028787
1195.0,6312.4153292,2279.3473824,9290.85516368,5489.5989967,5711.73780952
1197.5,6312.99504349,2276.35636647,9304.24127989,5475.50695931,5726.96165781
1200.0,6313.56913146,2273.39194979,9317.56048321,5461.48868271,5742.19142043
1202.5,6314.13764985,2270.45389009,9330.812918,5447.54397674,5757.42668492
1205.0,6314.70065052,2267.54194502,9343.99873132,5433.67261303,5772.66704007
1207.5,6315.25817404,2264.65587201,9357.11807293,5419.87436878,5787.91212203
1210.0,6315.81027251,2261.7954521,9370.17109528,5406.1490275,5803.16155483
1212.5,6316.35699855,2258.96047222,9383.15795349,5392.4963798,5818.41494343
1215.0,6316.89840427,2256.15071055,9396.07880537,5378.91622413,5833.67189395
1217.5,6317.4345413,2253.36594886,9408.93381144,5365.40835291,5848.93201357
1220.0,6317.96546078,2250.6059728,9421.72313488,5351.97243335,5864.19491061
1222.5,6318.49121341,2247.87057223,9434.44694159,5338.60818213,5879.4601945
1225.0,6319.01184937,2245.15954146,9447.10540012,5325.31533374,5894.72747576
1227.5,6319.52741842,2242.47267965,9459.69868173,5312.09361636,5909.99636604
1230.0,6320.03796986,2239.80978709,9472.22696038,5298.94275139,5925.26647809
1232.5,6320.54355253,2237.17063018,9484.6904127,5285.86245293,5940.53742577
1235.0,6321.04421484,2234.55499098,9497.089218,5272.85242731,5955.80882406
1237.5,6321.54000477,2231.96265877,9509.42352682,5259.9123931,5971.0802836
1240.0,6322.03096986,2229.39342264,9521.69347279,5247.04217286,5986.35138705
1242.5,6322.51715727,2226.84707107,9533.89922994,5234.24153449,6001.6217381
1245.0,6322.9986137,2224.32339164,9546.04097454,5221.51023738,6016.89094535
1247.5,6323.47538548,2221.82217056,9558.1188849,5208.84804601,6032.15861775
1250.0,6323.94751852,2219.34319227,9570.13314128,5196.25473054,6047.42436465
1252.5,6324.41505837,2216.88625425,9582.08392598,5183.73006742,6062.68779573
1255.0,6324.87805015,2214.45119202,9593.97142328,5171.27383989,6077.94852108
1257.5,6325.33653866,2212.03781753,9605.79581946,5158.88580608,6093.20615114
1260.0,6325.79056828,2209.64594463,9617.55730281,5146.56562044,6108.46029676
1262.5,6326.24018305,2207.27539147,9629.25606363,5134.31300148,6123.71056911
1265.0,6326.68542666,2204.92598094,9640.89229419,5122.12766954,6138.95657978
1267.5,6327.12634244,2202.59754105,9652.46618879,5110.00933829,6154.19794071
1270.0,6327.56297339,2200.28990544,9663.97794371,5097.95771417,6169.43429697
1272.5,6327.99536216,2198.00291382,9675.42775724,5085.97249584,6184.66533508
1275.0,6328.42355109,2195.73637322,9686.81582968,5074.0533736,6199.89069282
1277.5,6328.84758217,2193.49007651,9698.14236331,5062.20007582,6215.11000873
1280.0,6329.26749711,2191.26384171,9709.40756006,5050.41242162,6230.32292337
1282.5,6329.68333226,2189.05748566,9720.61157846,5038.69016107,6245.52907935
1285.0,6330.09512034,2186.87082346,9731.75459948,5027.03304567,6260.72812133
1287.5,6330.5029005,2184.70366802,9742.83682159,5015.44083272,6275.91969601
1290.0,6330.90671163,2182.55582943,9753.85844464,5003.91328586,6291.10345213
1292.5,6331.30659224,2180.42711441,9764.81966988,4992.45017573,6306.27904049
1295.0,6331.70258048,2178.31732973,9775.72069994,4981.05128052,6321.44611392
1297.5,6332.09471416,2176.22633767,9786.56173886,4969.71632524,6336.60432729
1300.0,6332.48303073,2174.15398568,9797.34299206,4958.44496645,6351.75333711
1302.5,6332.86756733,2172.10011075,9808.06466633,4947.23692403,6366.89277441
1305.0,6333.24836073,2170.06455382,9818.72696989,4936.09191334,6382.02227591
1307.5,6333.6254474,2168.04716028,9829.33011233,4925.00964381,6397.14149372
1310.0,6333.99886347,2166.04778038,9839.87430463,4913.98981834,6412.25008121
1312.5,6334.36864475,2164.06626981,9850.35975916,4903.03213284,6427.34769306
1315.0,6334.73482674,2162.10249027,9860.78668971,4892.13627567,6442.4339852
1317.5,6335.09744465,2160.15629663,9871.15531141,4881.30200489,6457.50861486
1320.0,6335.45653335,2158.22750237,9881.46584083,4870.52911899,6472.57124053
1322.5,6335.81212745,2156.31595052,9891.7184959,4859.81736384,6487.621522
1325.0,6336.16426124,2154.42148784,9901.91348509,4849.16649084,6502.65912033
1327.5,6336.51296874,2152.54396093,9912.05098448,4838.57625752,6517.68369787
1330.0,6336.85828368,2150.68321593,9922.13120293,4828.04642802,6532.69491822
1332.5,6337.20023953,2148.8390982,9932.1543538,4817.57677378,6547.69245201
1335.0,6337.53886945,2147.0114519,9942.12065131,4807.16707316,6562.67601112
1337.5,6337.87420639,2145.20011969,9952.03031057,4796.81701784,6577.645284
1340.0,6338.20628299,2143.4049601,9961.88354757,4786.52628754,6592.59995388
1342.5,6338.53513165,2141.62584555,9971.68057917,4776.2946033,6607.53970624
1345.0,6338.86078455,2139.86263435,9981.42162311,4766.12168095,6622.46422882
1347.5,6339.18327357,2138.11518656,9991.10689802,4756.00723059,6637.37321165
1350.0,6339.50263041,2136.38336407,10000.7366234,4745.95095609,6652.26634702
1352.5,6339.81888648,2134.66703081,10010.3110196,4735.95255453,6667.14332947
1355.0,6340.13207301,2132.9660528,10019.8303078,4726.01171926,6682.00385583
1357.5,6340.4422209,2131.28029833,10029.2947103,4716.12824141,6696.8476252
1360.0,6340.74935437,2129.60963749,10038.70445,4706.3019006,6711.67433893
1362.5,6341.05349876,2127.95392899,10048.0597508,4696.53244681,6726.48370066
1365.0,6341.35468306,2126.31303491,10057.3608375,4686.81963577,6741.27540504
1367.5,6341.652936,2124.68682209,10066.6079357,4677.1632295,6756.0491299
1370.0,6341.94828603,2123.07515785,10075.8012496,4667.56299692,6770.80457545
1372.5,6342.24076136,2121.47790991,10084.9409776,4658.01871433,6785.54144442
1375.0,6342.53038992,2119.89494625,10094.02734,4648.53015789,6800.25944117
1377.5,6342.81719939,2118.326135,10103.0605574,4639.09700054,6814.95827162
1380.0,6343.1012172,2116.77134434,10112.040851,4629.71894679,6829.63764332
1382.5,6343.38247053,2115.23044563,10120.9684423,4620.39572216,6844.29726543
1385.0,6343.66098631,2113.70332631,10129.8435534,4611.12704725,6858.93684867
1387.5,6343.93679125,2112.18986712,10138.6664068,4601.91263718,6873.55610542
1390.0,6344.20991179,2110.68994925,10147.4372254,4592.75220114,6888.15474961
1392.5,6344.48037417,2109.2034562,10156.1562327,4583.64544183,6902.7324968
1395.0,6344.74820439,2107.73027398,10164.8236524,4574.59206944,6917.28906439
1397.5,6345.01342821,2106.27029127,10173.439709,4565.59189858,6931.82421567
1400.0,6345.2760712,2104.82339962,10182.0046272,4556.64469896,6946.33771615
1402.5,6345.53615868,2103.38949369,10190.5186322,4547.75022834,6960.82930664
1405.0,6345.79371577,2101.9684581,10198.9819498,4538.90825047,6975.29873089
1407.5,6346.0487674,2100.56016277,10207.3948061,4530.11853551,6989.74573556
1410.0,6346.30133826,2099.16449271,10215.7574276,4521.38086063,7004.17007023
1412.5,6346.55145287,2097.78133275,10224.0700391,4512.69501053,7018.5714874
1415.0,6346.79913552,2096.41056705,10232.3328363,4504.06075515,7032.94974252
1417.5,6347.04441033,2095.05207879,10240.5460316,4495.4777653,7047.30459392
1420.0,6347.28730123,2093.70574991,10248.7098457,4486.94576765,7061.6358029
1422.5,6347.52783195,2092.37146077,10256.8244997,4478.46449542,7075.94313366
1425.0,6347.76602604,2091.04909051,10264.8902146,4470.03367711,7090.22635331
1427.5,6348.00190688,2089.73854656,10272.9072115,4461.65303597,7104.48522618
1430.0,6348.23549768,2088.43973652,10280.8757114,4453.32228948,7118.71946623
1432.5,6348.46682146,2087.15255872,10288.7959357,4445.04114891,7132.92881951
1435.0,6348.69590061,2085.87691413,10296.6681055,4436.80935164,7147.1130458
1437.5,6348.92275143,2084.6127066,10304.4924423,4428.62672504,7161.27190651
1440.0,6349.14739365,2083.35984325,10312.2691675,4420.49303757,7175.40516463
1442.5,6349.36984855,2082.11823472,10319.9985025,4412.40805741,7189.51258481
1445.0,6349.59013724,2080.88779557,10327.680669,4404.37155878,7203.59393328
1447.5,6349.80828058,2079.66843859,10335.3158885,4396.38332243,7217.64897791
1450.0,6350.02429927,2078.46004017,10342.9043828,4388.44313616,7231.6774882
1452.5,6350.23821379,2077.26249501,10350.4463735,4380.55079532,7245.67923523
1455.0,6350.45004443,2076.0757024,10357.9420826,4372.70605833,7259.65399172
1457.5,6350.65981128,2074.89956025,10365.3917295,4364.90861011,7273.60153202
1460.0,6350.86753425,2073.73396467,10372.7955279,4357.15819566,7287.52165549
1462.5,6351.07323306,2072.57880961,10380.1536971,4349.45455819,7301.41421541
1465.0,6351.27692723,2071.43398642,10387.4664567,4341.7974363,7315.27901716
1467.5,6351.47863612,2070.29938343,10394.7340263,4334.18656355,7329.11586582
1470.0,6351.6783789,2069.17490568,10401.9566252,4326.62166791,7342.92456971
1472.5,6351.87617455,2068.06049319,10409.1344728,4319.10247131,7356.70494042
1475.0,6352.0720419,2066.95605975,10416.2677879,4311.62874791,7370.45679276
1477.5,6352.2659996,2065.86152115,10423.3567896,4304.20032583,7384.17994481
1480.0,6352.45806612,2064.77679669,10430.4016966,4296.81698027,7397.87421787
1482.5,6352.64825977,2063.70180971,10437.4027273,4289.47849161,7411.53943651
1485.0,6352.83659871,2062.63648798,10444.3601002,4282.18464629,7425.17542854
1487.5,6353.02310091,2061.58076424,10451.2740334,4274.9352373,7438.78202502
1490.0,6353.20778422,2060.53457641,10458.1447448,4267.7300647,7452.35906021
1492.5,6353.3906663,2059.49782504,10464.9724523,4260.568936,7465.90631507
1495.0,6353.57176468,2058.47040538,10471.7573733,4253.45159231,7479.42356222
1497.5,6353.75109673,2057.45223308,10478.4997251,4246.37774802,7492.91061936
1500.0,6353.92867968,2056.44322245,10485.1997249,4239.34716183,7506.36730554
1502.5,6354.1045306,2055.44328596,10491.8575894,4232.35958845,7519.79344122
1505.0,6354.27866644,2054.45233382,10498.4735353,4225.41477811,7533.18884827
1507.5,6354.451104,2053.47027353,10505.0477789,4218.51247613,7546.55334993
1510.0,6354.62185994,2052.49700935,10511.5805363,4211.6524224,7559.88677083
1512.5,6354.7909507,2051.53244661,10518.0720233,4204.83435228,7573.18893701
1515.0,6354.95839221,2050.57653327,10524.5224555,4198.05808154,7586.45967587
1517.5,6355.12420061,2049.62920072,10530.9320481,4191.32343025,7599.69881625
1520.0,6355.28839199,2048.69037384,10537.3010162,4184.63018652,7612.90618834
1522.5,6355.45098227,2047.75997966,10543.6295743,4177.97814403,7626.08163016
1525.0,6355.61198727,2046.83794764,10549.9179369,4171.3671025,7639.22506317
1527.5,6355.77142271,2045.92421001,10556.1663124,4164.7968682,7652.33637144
1530.0,6355.92930416,2045.01870206,10562.3748823,4158.2672544,7665.41542006
1532.5,6356.08564708,2044.12136253,10568.5438498,4151.77807763,7678.46207753
1535.0,6356.24046682,2043.23212245,10574.6734214,4145.32906745,7691.47621577
1537.5,6356.39377863,2042.35088656,10580.7638031,4138.91997051,7704.45771009
1540.0,6356.54559763,2041.47757954,10586.8151998,4132.55055786,7717.40643924
1542.5,6356.69593886,2040.61212688,10592.8278158,4126.22059666,7730.32228536
1545.0,6356.84481724,2039.75445316,10598.8018546,4119.92984971,7743.20513401
1547.5,6356.99224759,2038.90448181,10604.7375187,4113.678075,7756.05487415
1550.0,6357.13824464,2038.06213485,10610.63501,4107.4650252,7768.87139816
1552.5,6357.28282303,2037.22733259,10616.4945294,4101.29045597,7781.65460182
1555.0,6357.42599728,2036.39999338,10622.3162769,4095.15421485,7794.40435778
1557.5,6357.56778187,2035.58005836,10628.1004515,4089.05611856,7807.12046519
1560.0,6357.70819114,2034.76747942,10633.8472514,4082.99596912,7819.80279273
1562.5,6357.84723938,2033.96219446,10639.5568739,4076.97357411,7832.45121721
1565.0,6357.98494078,2033.16414411,10645.2295153,4070.98874711,7845.06561662
1567.5,6358.12130947,2032.37327206,10650.8653709,4065.04130819,7857.64587016
1570.0,6358.25635948,2031.58952541,10656.4646349,4059.13108433,7870.19185826
1572.5,6358.3901048,2030.81285506,10662.0275006,4053.25789513,7882.70346255
1575.0,6358.52255931,2030.04321612,10667.5541603,4047.42147101,7895.18056588
1577.5,6358.65373684,2029.28056497,10673.0448052,4041.6215861,7907.62305229
1580.0,6358.78365116,2028.52481444,10678.4996253,4035.85802433,7920.03080704
1582.5,6358.91231597,2027.7758907,10683.9188098,4030.13056581,7932.40371662
1585.0,6359.03974491,2027.03372935,10689.3025465,4024.43898638,7944.74166871
1587.5,6359.16595157,2026.29826388,10694.6510222,4018.78305713,7957.04459713
1590.0,6359.29094564,2025.56942507,10699.9644226,4013.16254403,7969.31245732
1592.5,6359.41473127,2024.84714058,10705.2429321,4007.57722982,7981.5451641
1595.0,6359.53732003,2024.13133439,10710.486734,4002.02698219,7993.74263516
1597.5,6359.65872363,2023.42192619,10715.6960159,3996.51162011,8005.90479102
1600.0,6359.7789537,2022.7188457,10720.8710209,3991.03095975,8018.03155511
1602.5,6359.89802171,2022.02207062,10726.0119547,3985.58482279,8030.1228537
1605.0,6360.01593901,2021.33154859,10731.1190074,3980.17303685,8042.17861594
1607.5,6360.13271684,2020.64722575,10736.1923687,3974.79543591,8054.19877386
1610.0,6360.24836629,2019.96905108,10741.2322274,3969.45186081,8066.18326233
1612.5,6360.36289836,2019.29697684,10746.2387718,3964.14212793,8078.13201913
1615.0,6360.4763239,2018.63095896,10751.2121896,3958.86598069,8090.04498488
1617.5,6360.58865366,2017.97095762,10756.152668,3953.6232155,8101.9220999
1620.0,6360.69989826,2017.31693768,10761.0603933,3948.41362932,8113.76324895
1622.5,6360.81006821,2016.66884207,10765.9355515,3943.23701534,8125.56834248
1625.0,6360.91917389,2016.02659518,10770.7783279,3938.09316257,8137.33731144
1627.5,6361.02722557,2015.39014481,10775.5889069,3932.98185539,8149.07008819
1630.0,6361.13423341,2014.75943825,10780.3674728,3927.90287309,8160.76660647
1632.5,6361.24020745,2014.13442195,10785.1142088,3922.85603199,8172.42680147
1635.0,6361.3451576,2013.51504128,10789.8292977,3917.84120792,8184.05060976
1637.5,6361.4490937,2012.9012402,10794.5129217,3912.85822746,8195.63796931
1640.0,6361.55202542,2012.29296102,10799.1652622,3907.90692086,8207.18881953
1642.5,6361.65396238,2011.69014502,10803.7865001,3902.9871238,8218.70310121
1645.0,6361.75491405,2011.09275444,10808.3768156,3898.09867779,8230.18075655
1647.5,6361.85488979,2010.5007476,10812.9363884,3893.24143064,8241.62172916
1650.0,6361.95389888,2009.91407678,10817.4653974,3888.41523683,8253.02597595
1652.5,6362.05195047,2009.33269508,10821.9640209,3883.61990305,8264.39349963
1655.0,6362.1490536,2008.75655659,10826.4324365,3878.85519765,8275.7242695
1657.5,6362.24521723,2008.18561646,10830.8708214,3874.12093372,8287.0182524
1660.0,6362.3404502,2007.61983098,10835.2793517,3869.41692114,8298.27541778
1662.5,6362.43476125,2007.05915775,10839.6582034,3864.74296609,8309.49573769
1665.0,6362.528159,2006.5035534,10844.0075513,3860.09887064,8320.67918676
1667.5,6362.62065199,2005.95296449,10848.3275698,3855.48443228,8331.82574224
1670.0,6362.71224866,2005.40734379,10852.6184276,3850.8994438,8342.93538397
1672.5,6362.80295735,2004.86664514,10856.8802943,3846.34376036,8354.0080944
1675.0,6362.89278628,2004.33082224,10861.1133416,3841.81725452,8365.04385854
1677.5,6362.98174359,2003.79982854,10865.31774,3837.31976539,8376.04266405
1680.0,6363.06983734,2003.27361717,10869.4936594,3832.85113701,8387.00450115
1682.5,6363.15707545,2002.75214083,10873.641269,3828.41121873,8397.92932295
1685.0,6363.2434658,2002.23535169,10877.7607372,3823.99986562,8408.81705551
1687.5,6363.32901612,2001.72319407,10881.8522319,3819.61693892,8419.66767299
1690.0,6363.41373409,2001.21560435,10885.9159199,3815.26230462,8430.48115088
1692.5,6363.49762728,2000.71252915,10889.9519675,3810.93575857,8441.25746556
1695.0,6363.58070318,2000.21391794,10893.9605401,3806.63710024,8451.99659438
1697.5,6363.66296917,1999.71972439,10897.9418024,3802.36615541,8462.6985156
1700.0,6363.74443256,1999.22990782,10901.8959185,3798.1227466,8473.36320841
1702.5,6363.82510057,1998.74443468,10905.8230514,3793.90669266,8483.99065295
1705.0,6363.90498031,1998.26328003,10909.7233637,3789.7178084,8494.58083028
1707.5,6363.98407885,1997.786429,10913.597017,3785.55590412,8505.13372239
1710.0,6364.06240313,1997.31387827,10917.4441722,3781.42078997,8515.6493122
1712.5,6364.13996002,1996.84563752,10921.2649894,3777.31235318,8526.12758548
1715.0,6364.21675632,1996.38173093,10925.0596279,3773.23046329,8536.56858252
1717.5,6364.29279873,1995.92219864,10928.8282462,3769.17497281,8546.97232869
1720.0,6364.36809388,1995.46703208,10932.5710022,3765.14573906,8557.33883061
1722.5,6364.44265039,1995.01596594,10936.2880528,3761.1426246,8567.66809722
1725.0,6364.51647827,1994.56893472,10939.9795542,3757.16549756,8577.9601398
1727.5,6364.58958441,1994.12590782,10943.6456617,3753.21423211,8588.21497193
1730.0,6364.66197558,1993.68685914,10947.2865299,3749.28869986,8598.43260952
1732.5,6364.73365848,1993.25176757,10950.9023125,3745.38869536,8608.61307077
1735.0,6364.80463977,1992.8206174,10954.4931627,3741.51404442,8618.75637623
1737.5,6364.87492602,1992.3933989,10958.0592324,3737.66458499,8628.86254877
1740.0,6364.94452379,1991.97010798,10961.6006778,3733.84015175,8638.93161354
1742.5,6365.01343956,1991.55067482,10965.1176545,3730.04057582,8648.96359805
1745.0,6365.08167973,1991.13502856,10968.6103132,3726.26568427,8658.95851831
1747.5,6365.1492507,1990.72313508,10972.0788041,3722.5152998,8668.91632616
1750.0,6365.21615878,1990.31496085,10975.5232767,3718.78925482,8678.83702325
1752.5,6365.28241025,1989.91047298,10978.9438794,3715.08745787,8688.72062123
1755.0,6365.34801132,1989.50963923,10982.3407601,3711.40977955,8698.5671324
1757.5,6365.41296818,1989.11242809,10985.7140659,3707.75608518,8708.37656962
1760.0,6365.47728694,1988.71880877,10989.0639432,3704.12624482,8718.1489464
1762.5,6365.54097369,1988.32874972,10992.3905373,3700.5201336,8727.88427687
1765.0,6365.60403447,1987.94221526,10995.6939932,3696.93763212,8737.58257574
1767.5,6365.66647527,1987.55917334,10998.9744546,3693.37862686,8747.24385836
1770.0,6365.72830205,1987.17959259,11002.232065,3689.84298907,8756.86814069
1772.5,6365.78952071,1986.80344198,11005.4669666,3686.33052172,8766.45543928
1775.0,6365.85013713,1986.4306908,11008.679301,3682.84107174,8776.00577133
1777.5,6365.91015714,1986.06130863,11011.8692092,3679.37448867,8785.51918389
1780.0,6365.96958654,1985.69526541,11015.0368312,3675.93061888,8794.99575658
1782.5,6366.02843109,1985.33253135,11018.1823061,3672.50930515,8804.43552899
1785.0,6366.08669652,1984.97307667,11021.3057726,3669.11038634,8813.83854192
1787.5,6366.14438851,1984.61687187,11024.4073683,3665.73369697,8823.20483817
1790.0,6366.20151273,1984.26388789,11027.48723,3662.3790965,8832.53446257
1792.5,6366.2580748,1983.91409592,11030.5454938,3659.04650392,8841.82746197
1795.0,6366.31408034,1983.56746741,11033.5822951,3655.73579495,8851.08388524
1797.5,6366.36953489,1983.22397411,11036.5977681,3652.44684708,8860.30378327
1800.0,6366.42444402,1982.88358798,11039.5920468,3649.1795424,8869.48720896
1802.5,6366.47881322,1982.54628128,11042.5652638,3645.93376797,8878.63421725
1805.0,6366.53264801,1982.21202649,11045.5175512,3642.70941619,8887.74486509
1807.5,6366.58595384,1981.88079637,11048.4490403,3639.50638514,8896.81921016
1810.0,6366.63873615,1981.55256391,11051.3598673,3636.32453983,8905.85724921
1812.5,6366.69100038,1981.22730233,11054.2501718,3633.16370117,8914.85899266
1815.0,6366.74275193,1980.9049851,11057.1200846,3630.0237319,8923.82448106
1817.5,6366.79399617,1980.58558585,11059.969736,3626.90449259,8932.75375526
1820.0,6366.84473848,1980.26907834,11062.7992553,3623.80584066,8941.64685641
1822.5,6366.8949842,1979.95543663,11065.608771,3620.72763,8950.503826
1825.0,6366.94473867,1979.64463504,11068.3984113,3617.66971064,8959.3247058
1827.5,6366.9940072,1979.33664806,11071.1683032,3614.63192832,8968.10953793
1830.0,6367.04279512,1979.03145042,11073.9185735,3611.61417414,8976.8583648
1832.5,6367.0911077,1978.72901701,11076.6493478,3608.61636675,8985.57122914
1835.0,6367.13895024,1978.42932296,11079.3607514,3605.63839099,8994.24817398
1837.5,6367.18632801,1978.13234356,11082.0529086,3602.68013581,9002.88924269
1840.0,6367.23324627,1977.83805431,11084.7259433,3599.74149465,9011.49448776
1842.5,6367.27971029,1977.54643087,11087.3799783,3596.82236578,9020.06401722
1845.0,6367.32572531,1977.2574491,11090.015136,3593.92265266,9028.59790373
1847.5,6367.3712966,1976.97108502,11092.6315381,3591.04226376,9037.09621207
1850.0,6367.41642939,1976.68731484,11095.2293053,3588.18105353,9045.55900872
1852.5,6367.46112893,1976.40611493,11097.808558,3585.33886869,9053.98636184
1855.0,6367.50539421,1976.1274618,11100.3694156,3582.51558298,9062.37834127
1857.5,6367.54922274,1975.85133216,11102.911997,3579.71106736,9070.73501856
1860.0,6367.59261879,1975.57770283,11105.4364201,3576.92518967,9079.05646694
1862.5,6367.6355866,1975.30655082,11107.9428024,3574.1578143,9087.34276132
1865.0,6367.67813038,1975.03785325,11110.4312606,3571.40880178,9095.5939783
1867.5,6367.72025431,1974.77158742,11112.9019107,3568.67801065,9103.81019618
1870.0,6367.76196254,1974.50773072,11115.3548679,3565.96536149,9111.99149495
1872.5,6367.80325922,1974.24626073,11117.7902469,3563.27076856,9120.13792702
1875.0,6367.84414845,1973.9871551,11120.2081615,3560.59412754,9128.24950256
1877.5,6367.88463432,1973.73039165,11122.608725,3557.93533811,9136.32628207
1880.0,6367.92472088,1973.47595102,11124.9920528,3555.29430433,9144.36832793
1882.5,6367.96441218,1973.2238147,11127.3582661,3552.67093495,9152.37570259
1885.0,6368.00371224,1972.97396189,11129.7074779,3550.06514376,9160.34846853
1887.5,6368.04262505,1972.72637196,11132.0398003,3547.47684497,9168.28668834
1890.0,6368.08115459,1972.4810245,11134.3553448,3544.90588863,9176.19042465
1892.5,6368.11930482,1972.23789926,11136.6542224,3542.35214451,9184.05974014
1895.0,6368.15707969,1971.99697618,11138.9365433,3539.81549607,9191.89469757
1897.5,6368.19448311,1971.75823539,11141.2024173,3537.29582403,9199.69535976
1900.0,6368.231519,1971.52165722,11143.4519534,3534.79300599,9207.46178959
1902.5,6368.26819125,1971.28722216,11145.6852601,3532.30691616,9215.19405042
1905.0,6368.30450372,1971.0549109,11147.9024454,3529.83742499,9222.8922508
1907.5,6368.34046029,1970.82470429,11150.1036167,3527.38440768,9230.55649705
1910.0,6368.37606481,1970.59658337,11152.2888806,3524.94780485,9238.18687093
1912.5,6368.41132111,1970.37052936,11154.4583434,3522.52752965,9245.78345558
1915.0,6368.44623301,1970.14652366,11156.6121107,3520.12348787,9253.34633553
1917.5,6368.48080434,1969.92454782,11158.7502874,3517.73558922,9260.87559663
1920.0,6368.51503889,1969.7045836,11160.872978,3515.36374764,9268.37132612
1922.5,6368.54894046,1969.4866129,11162.9802864,3513.00788161,9275.83361263
1925.0,6368.58251284,1969.27061781,11165.0723159,3510.66791452,9283.26254612
1927.5,6368.61575979,1969.05658057,11167.1491692,3508.3437611,9290.65821793
1930.0,6368.64868511,1968.84448362,11169.2109485,3506.03527505,9298.02072078
1932.5,6368.68129254,1968.63430953,11171.2577554,3503.7423445,9305.35014873
1935.0,6368.71358585,1968.42604106,11173.2896909,3501.46486198,9312.64658983
1937.5,6368.7455688,1968.21966112,11175.3068556,3499.2027173,9319.91007239
1940.0,6368.77724513,1968.01515279,11177.3093493,3496.95579722,9327.14066135
1942.5,6368.80861859,1967.81249931,11179.2972714,3494.72398512,9334.33843436
1945.0,6368.83969294,1967.61168407,11181.2707209,3492.5071607,9341.50346891
1947.5,6368.87047191,1967.41269062,11183.2297959,3490.3052196,9348.63584239
1950.0,6368.90095925,1967.21550269,11185.174593,3488.11811317,9355.73563203
1952.5,6368.9311587,1967.02010413,11187.1052035,3485.94575673,9362.80291494
1955.0,6368.96107401,1966.82647898,11189.0217223,3483.78806547,9369.8377681
1957.5,6368.99070893,1966.63461139,11190.9242445,3481.64495839,9376.84026836
1960.0,6369.0200672,1966.4444857,11192.8128645,3479.51635859,9383.81049241
1962.5,6369.04915257,1966.25608639,11194.6876763,3477.40219359,9390.74851684
1965.0,6369.07796882,1966.06939806,11196.548773,3475.30239562,9397.65441809
1967.5,6369.10651969,1965.8844055,11198.3962474,3473.2168749,9404.52829095
1970.0,6369.13480895,1965.70109362,11200.2301916,3471.14549662,9411.37026693
1972.5,6369.16284039,1965.51944732,11202.050697,3469.08816266,9418.18044099
1975.0,6369.19061777,1965.33945071,11203.8578547,3467.044774,9424.95890693
1977.5,6369.21814489,1965.16108876,11205.6517549,3465.01522889,9431.70575965
1980.0,6369.24542556,1964.98434678,11207.4324874,3462.99942259,9438.42109511
1982.5,6369.27246357,1964.80921022,11209.2001413,3460.99724705,9445.10501033
1985.0,6369.29926271,1964.63566466,11210.9548053,3459.00859061,9451.75760339
1987.5,6369.32581535,1964.46369577,11212.6965674,3457.03337295,9458.37897346
1990.0,6369.35211532,1964.2932894,11214.425515,3455.07154703,9464.96922076
1992.5,6369.378165,1964.12443148,11216.1417349,3453.12303362,9471.52844658
1995.0,6369.40396678,1963.95710809,11217.8453134,3451.1877566,9478.05675327
1997.5,6369.42952297,1963.79130541,11219.5363362,3449.26564355,9484.55424419
2000.0,6369.45483591,1963.62700976,11221.2148884,3447.35662604,9491.02098095
2002.5,6369.47990787,1963.46420755,11222.8810546,3445.46063988,9497.45702117
2005.0,6369.50474109,1963.30288533,11224.5349188,3443.57762548,9503.86245233
2007.5,6369.52933781,1963.14302976,11226.1765643,3441.70748371,9510.23736164
2010.0,6369.5537002,1962.98462761,11227.806074,3439.85009887,9516.58183602
2012.5,6369.57783045,1962.82766574,11229.4235301,3438.00538208,9522.89596214
2015.0,6369.60173068,1962.67213116,11231.0290143,3436.17324212,9529.17982636
2017.5,6369.62540301,1962.51801097,11232.6226078,3434.35358509,9535.43351478
2020.0,6369.6488495,1962.36529235,11234.2043927,3432.54631415,9541.65711323
2022.5,6369.67207223,1962.21396263,11235.7744634,3430.7513292,9547.85070724
2025.0,6369.6950732,1962.06400922,11237.3329053,3428.96852735,9554.01438208
2027.5,6369.71785443,1961.91541962,11238.8798,3427.19785354,9560.14822274
2030.0,6369.74041788,1961.76818145,11240.4152285,3425.43925578,9566.25231787
2032.5,6369.76276549,1961.62228243,11241.9392715,3423.69266269,9572.32679978
2035.0,6369.7848992,1961.47771037,11243.4520094,3421.95800619,9578.37177833
2037.5,6369.80682088,1961.33445316,11244.953522,3420.23522175,9584.38735306
2040.0,6369.82853241,1961.19249881,11246.443889,3418.52424874,9590.37362433
2042.5,6369.85003563,1961.05183541,11247.9231893,3416.82503062,9596.33069328
2045.0,6369.87133236,1960.91245114,11249.3915019,3415.13751287,9602.25866188
2047.5,6369.89242438,1960.77433427,11250.8489049,3413.46158952,9608.15763286
2050.0,6369.91331347,1960.63747317,11252.2954763,3411.79716426,9614.02770978
2052.5,6369.93400136,1960.50185626,11253.7312939,3410.14415543,9619.86899698
2055.0,6369.95448978,1960.36747209,11255.1564347,3408.50247902,9625.68159962
2057.5,6369.97478042,1960.23430926,11256.5709757,3406.87204838,9631.46562365
2060.0,6369.99487494,1960.10235647,11257.9749934,3405.25277397,9637.22117581
2062.5,6370.01477501,1959.9716025,11259.3685639,3403.64456306,9642.94834836
2065.0,6370.03448223,1959.84203618,11260.751763,3402.04732447,9648.64719448
2067.5,6370.05399822,1959.71364797,11262.1246662,3400.46102119,9654.31780382
2070.0,6370.07332455,1959.58642905,11263.4873486,3398.88559825,9659.96026884
2072.5,6370.09246277,1959.46036886,11264.8398849,3397.32099176,9665.57468162
2075.0,6370.11141442,1959.33545693,11266.1823496,3395.767141,9671.16113383
2077.5,6370.13018101,1959.21168288,11267.5148168,3394.22398873,9676.71971682
2080.0,6370.14876404,1959.08903639,11268.8373602,3392.69148142,9682.25052151
2082.5,6370.16716496,1958.96750725,11270.1500534,3391.16956956,9687.75363848
2085.0,6370.18538523,1958.84708533,11271.4529694,3389.65819939,9693.22915792
2087.5,6370.20342628,1958.72776055,11272.7461812,3388.15726475,9698.67716963
2090.0,6370.2212895,1958.60952296,11274.0297602,3386.66668478,9704.09776304
2092.5,6370.23897629,1958.49236265,11275.3037528,3385.18638445,9709.49102723
2095.0,6370.25648801,1958.3762698,11276.5682158,3383.71628641,9714.85707782
2097.5,6370.273826,1958.26123467,11277.8232158,3382.2563107,9720.19603937
2100.0,6370.2909916,1958.14724759,11279.0688186,3380.80637454,9725.5080132
2102.5,6370.3079861,1958.03429896,11280.3050896,3379.366392,9730.79310123
2105.0,6370.3248108,1957.92237928,11281.5320934,3377.93628668,9736.05140593
2107.5,6370.34146696,1957.81147907,11282.7498943,3376.51603184,9741.28303035
2110.0,6370.35795584,1957.70158897,11283.9585559,3375.10557229,9746.4880781
2112.5,6370.37427866,1957.59269966,11285.1581411,3373.70485099,9751.66665336
2115.0,6370.39043664,1957.4848019,11286.3487123,3372.313814,9756.81886089
2117.5,6370.40643102,1957.3778865,11287.5303313,3370.93241072,9761.944806
2120.0,6370.42226521,1957.27194435,11288.7030595,3369.56059418,9767.04459458
2122.5,6370.43794183,1957.1669664,11289.8669573,3368.19832122,9772.11833309
2125.0,6370.45346226,1957.06294367,11291.0220849,3366.8455347,9777.16612597
2127.5,6370.4688279,1956.95986721,11292.1685017,3365.5021348,9782.18803757
2130.0,6370.48404012,1956.85772817,11293.3062664,3364.16805225,9787.18415015
2132.5,6370.49910028,1956.75651774,11294.4354375,3362.84321812,9792.15455782
2135.0,6370.51400976,1956.65622716,11295.5560724,3361.52756116,9797.09935426
2137.5,6370.52876989,1956.55684773,11296.6682283,3360.2210076,9802.01863272
2140.0,6370.54338203,1956.45837081,11297.7719616,3358.92348087,9806.912486
2142.5,6370.55784752,1956.36078781,11298.867328,3357.63490134,9811.78100645
2145.0,6370.57216767,1956.2640902,11299.9543827,3356.35521035,9816.624286
2147.5,6370.58634383,1956.16826948,11301.0331805,3355.08438387,9821.44241614
2150.0,6370.6003773,1956.07331722,11302.1037752,3353.82236919,9826.2354879
2152.5,6370.6142694,1955.97922503,11303.1662202,3352.56911559,9831.0035919
2155.0,6370.62802143,1955.88598457,11304.2205683,3351.32457531,9835.74681829
2157.5,6370.6416347,1955.79358753,11305.2668715,3350.08870382,9840.46526562
2160.0,6370.65511051,1955.70202618,11306.3051815,3348.86146009,9845.15906165
2162.5,6370.66845014,1955.61129728,11307.335578,3347.6428068,9849.82830953
2165.0,6370.68165488,1955.52139441,11308.3581377,3346.43267942,9854.47310973
2167.5,6370.69472603,1955.43231011,11309.3729172,3345.23099083,9859.09356311
2170.0,6370.70766486,1955.344037,11310.3799727,3344.03767959,9863.68977088
2172.5,6370.72047264,1955.25656776,11311.3793602,3342.85268235,9868.26183464
2175.0,6370.73315067,1955.16989511,11312.3711355,3341.67593349,9872.80985637
2177.5,6370.74570021,1955.08401188,11313.3553543,3340.50736491,9877.33393841
2180.0,6370.75812253,1954.99891094,11314.3320718,3339.34690577,9881.83418349
2182.5,6370.7704189,1954.91458521,11315.3013432,3338.19448238,9886.3106947
2185.0,6370.78259059,1954.8310277,11316.2632234,3337.05005625,9890.76357553
2187.5,6370.79463887,1954.74823146,11317.2177671,3335.91359917,9895.19292981
2190.0,6370.80656501,1954.66618962,11318.1650289,3334.7850635,9899.59884048
2192.5,6370.81837028,1954.58489535,11319.1050632,3333.66440424,9903.98137763
2195.0,6370.83005593,1954.50434189,11320.037924,3332.55157927,9908.34063417
2197.5,6370.84162325,1954.42452255,11320.9636655,3331.44654963,9912.67670267
2200.0,6370.8530735,1954.34543067,11321.8823414,3330.34927967,9916.98967519
2202.5,6370.86440794,1954.26705967,11322.7940054,3329.2597364,9921.27964334
2205.0,6370.87562786,1954.18940301,11323.6987111,3328.17784707,9925.54669825
2207.5,6370.88673452,1954.11245422,11324.5965117,3327.10354043,9929.79093058
2210.0,6370.8977292,1954.03620688,11325.4874606,3326.03676023,9934.01243053
2212.5,6370.90861318,1953.96065461,11326.3716109,3324.97744823,9938.2112878
2215.0,6370.91938773,1953.88579111,11327.2490155,3323.92554397,9942.38759165
2217.5,6370.93005415,1953.8116101,11328.1197273,3322.88098457,9946.54143086
2220.0,6370.94061373,1953.73810537,11328.983799,3321.84370445,9950.67289488
2222.5,6370.95106774,1953.66527077,11329.8412833,3320.8136377,9954.78209977
2225.0,6370.9614175,1953.59310017,11330.6922328,3319.79076178,9958.86915201
2227.5,6370.9716643,1953.52158752,11331.5366998,3318.77504428,9962.93414843
2230.0,6370.98180944,1953.4507268,11332.3747367,3317.76644288,9966.97718609
2232.5,6370.99185424,1953.38051203,11333.2063801,3316.7649178,9970.99836226
2235.0,6371.00180002,1953.31093731,11334.0316567,3315.7704321,9974.99777444
2237.5,6371.0116481,1953.24199674,11334.8506136,3314.78295181,9978.97552034
2240.0,6371.02139981,1953.17368451,11335.6632971,3313.80244623,9982.93169788
2242.5,6371.03105648,1953.10599481,11336.4697537,3312.82888319,9986.86640522
2245.0,6371.04061946,1953.03892191,11337.2700292,3311.86218709,9990.77974072
2247.5,6371.0500901,1952.9724601,11338.0641692,3310.90229952,9994.67180297
2250.0,6371.05946958,1952.90660373,11338.852219,3309.94916889,9998.54269076
2252.5,6371.06875535,1952.84134717,11339.6342233,3309.00274163,10002.3924974
2255.0,6371.07794687,1952.7766856,11340.4102267,3308.06296202,10006.2212917
2257.5,6371.08704512,1952.71261482,11341.1802734,3307.12977195,10010.0291612
2260.0,6371.09605108,1952.64912953,11341.9444072,3306.20311071,10013.8161959
2262.5,6371.10496572,1952.58622449,11342.7026715,3305.28292271,10017.5824857
2265.0,6371.11379002,1952.52389448,11343.4551096,3304.36919492,10021.3281197
2267.5,6371.12252494,1952.46213435,11344.2017641,3303.46189307,10025.0531871
2270.0,6371.13117146,1952.40093896,11344.9426775,3302.56097968,10028.7577761
2272.5,6371.13973054,1952.34030324,11345.6778919,3301.66641976,10032.4419749
2275.0,6371.14820314,1952.28022216,11346.407449,3300.77818103,10036.105871
2277.5,6371.15659022,1952.22069073,11347.1313902,3299.89623408,10039.7495518
2280.0,6371.16489275,1952.16170399,11347.8497565,3299.02055264,10043.3731038
2282.5,6371.17311169,1952.10325703,11348.5625886,3298.15110204,10046.9766135
2285.0,6371.18124799,1952.04534499,11349.2699269,3297.28780926,10050.5601668
2287.5,6371.18930262,1951.98796303,11349.9718114,3296.43062552,10054.1238491
2290.0,6371.19727652,1951.93110636,11350.6682817,3295.57950349,10057.6677456
2292.5,6371.20517066,1951.87477024,11351.3593771,3294.73439389,10061.1919408
2295.0,6371.21298599,1951.81894994,11352.0451365,3293.89524532,10064.6965189
2297.5,6371.22072347,1951.76364079,11352.7255987,3293.06200407,10068.1815638
2300.0,6371.22838406,1951.70883814,11353.4008017,3292.23461386,10071.6471625
2302.5,6371.23596872,1951.6545374,11354.0707858,3291.41303189,10075.0934342
2305.0,6371.2434784,1951.60073398,11354.7355941,3290.59724846,10078.5204769
2307.5,6371.25091405,1951.54742335,11355.3952652,3289.78722973,10081.9283812
2310.0,6371.25827665,1951.49460101,11356.049837,3288.98294265,10085.3172373
2312.5,6371.26556715,1951.44226248,11356.6993473,3288.18435654,10088.6871357
2315.0,6371.27278651,1951.39040334,11357.3438333,3287.39144334,10092.0381668
2317.5,6371.2799357,1951.33901917,11357.9833323,3286.60417779,10095.370421
2320.0,6371.28701568,1951.2881056,11358.617881,3285.82253763,10098.6839889
2322.5,6371.29402742,1951.23765828,11359.247516,3285.04648247,10101.9789607
2325.0,6371.3009719,1951.1876729,11359.8722735,3284.27594711,10105.255427
2327.5,6371.30785007,1951.13814517,11360.4921896,3283.51088936,10108.5134783
2330.0,6371.31466292,1951.08907083,11361.1072999,3282.75126575,10111.7532051
2332.5,6371.32141143,1951.04044567,11361.7176398,3281.99703094,10114.9746979
2335.0,6371.32809657,1950.99226546,11362.3232446,3281.24813747,10118.1780472
2337.5,6371.33471933,1950.94452605,11362.9241492,3280.50453566,10121.3633434
2340.0,6371.3412807,1950.89722327,11363.520388,3279.76617331,10124.5306773
2342.5,6371.34778166,1950.85035301,11364.1119956,3279.03302271,10127.6801393
2345.0,6371.35422321,1950.80391115,11364.6990059,3278.3050716,10130.81182
2347.5,6371.36060635,1950.75789374,11365.2814528,3277.58228881,10133.9258084
2350.0,6371.36693208,1950.71229815,11365.8593698,3276.86464527,10137.0221536
2352.5,6371.37320142,1950.66712092,11366.4327902,3276.15211424,10140.1009211
2355.0,6371.37941536,1950.62235824,11367.0017471,3275.44467149,10143.1621918
2357.5,6371.38557492,1950.57800633,11367.5662731,3274.74229548,10146.2060463
2360.0,6371.39168114,1950.53406144,11368.1264008,3274.04496733,10149.2325646
2362.5,6371.39773502,1950.49051984,11368.6821625,3273.35263866,10152.2418262
2365.0,6371.40373762,1950.44737783,11369.23359,3272.66525637,10155.2339102
2367.5,6371.40968995,1950.40463175,11369.7807152,3271.98278217,10158.2088954
2370.0,6371.41559307,1950.36227795,11370.3235695,3271.30517613,10161.16686
2372.5,6371.42144802,1950.32031281,11370.8621849,3270.63239646,10164.1078817
2375.0,6371.42725586,1950.27873274,11371.3965953,3269.96439935,10167.0320379
2377.5,6371.43301766,1950.23753419,11371.9268324,3269.30113878,10169.9394054
2380.0,6371.43873447,1950.1967136,11372.4529272,3268.64256743,10172.8300606
2382.5,6371.44440687,1950.15626747,11372.9749104,3267.9886715,10175.7040796
2385.0,6371.45002968,1950.11619229,11373.4928128,3267.33943392,10178.5615378
2387.5,6371.45560166,1950.07648461,11374.0066647,3266.6948272,10181.4025103
2390.0,6371.46112328,1950.03714098,11374.5164962,3266.05482593,10184.2270717
2392.5,6371.46659503,1949.99815796,11375.0223374,3265.41940691,10187.0352962
2395.0,6371.47201737,1949.95953217,11375.524218,3264.78854935,10189.8272577
2397.5,6371.47739076,1949.92126022,11376.0221675,3264.16223509,10192.6030634
2400.0,6371.48271563,1949.88333874,11376.5162154,3263.54044612,10195.3628183
2402.5,6371.48799242,1949.84576441,11377.0063908,3262.92312962,10198.1066043
2405.0,6371.49322156,1949.8085339,11377.4927226,3262.31024305,10200.8345032
2407.5,6371.49840345,1949.77164391,11377.9752397,3261.7017513,10203.5465971
2410.0,6371.50353849,1949.73509115,11378.4539705,3261.09761767,10206.2429679
2412.5,6371.50862708,1949.69887238,11378.9289436,3260.49780363,10208.9236975
2415.0,6371.51366959,1949.66298433,11379.400187,3259.90226868,10211.5888681
2417.5,6371.51866639,1949.62742378,11379.8677288,3259.31097017,10214.2385614
2420.0,6371.52361783,1949.59218752,11380.3315968,3258.72386777,10216.8728596
2422.5,6371.52852425,1949.55727235,11380.7918187,3258.14095634,10219.4918447
2425.0,6371.533386,1949.52267509,11381.2484219,3257.56221599,10222.0955986
2427.5,6371.53820339,1949.48839257,11381.7014337,3256.98762258,10224.6842034
2430.0,6371.54297674,1949.45442166,11382.1508812,3256.41715397,10227.2577411
2432.5,6371.54770634,1949.4207592,11382.5967914,3255.85079018,10229.8162939
2435.0,6371.55239249,1949.38740208,11383.039191,3255.28851353,10232.3599437
2437.5,6371.55703545,1949.35434718,11383.4781066,3254.73030887,10234.8887725
2440.0,6371.56163551,1949.32159142,11383.9135646,3254.17616269,10237.4028626
2442.5,6371.56619291,1949.28913278,11384.3455912,3253.62605601,10239.902296
2445.0,6371.57070789,1949.25697055,11384.7742117,3253.07996629,10242.3871253
2447.5,6371.57518069,1949.22510203,11385.1994516,3252.53786655,10244.8573849
2450.0,6371.57961153,1949.19352454,11385.6213367,3251.999725,10247.3131455
2452.5,6371.58400061,1949.16223537,11386.0398923,3251.46550506,10249.7544771
2455.0,6371.58834815,1949.13123189,11386.4551438,3250.9351653,10252.1814496
2457.5,6371.59265431,1949.10051146,11386.8671163,3250.40865951,10254.5941321
2460.0,6371.59691928,1949.07007146,11387.2758347,3249.88593666,10256.9925932
2462.5,6371.60114323,1949.03990931,11387.6813239,3249.36694091,10259.376901
2465.0,6371.60532629,1949.01002244,11388.0836086,3248.85161162,10261.747123
2467.5,6371.60946862,1948.98040833,11388.4827132,3248.33988332,10264.1033262
2470.0,6371.61357034,1948.95106444,11388.8786622,3247.83172881,10266.4455771
2472.5,6371.61763157,1948.92198829,11389.2714796,3247.32723433,10268.7739416
2475.0,6371.62165242,1948.8931774,11389.6611897,3246.82638321,10271.0884851
2477.5,6371.62563297,1948.86462932,11390.0478162,3246.32914913,10273.3892723
2480.0,6371.62957331,1948.83634161,11390.431383,3245.83550557,10275.6763676
2482.5,6371.63347351,1948.80831187,11390.8119137,3245.34542578,10277.9498348
2485.0,6371.63733363,1948.78053772,11391.1894317,3244.85888279,10280.2097369
2487.5,6371.64115372,1948.75301677,11391.5639604,3244.3758494,10282.4561368
2490.0,6371.64493381,1948.72574669,11391.9355231,3243.89629819,10284.6890965
2492.5,6371.64867392,1948.69872514,11392.3041428,3243.42020152,10286.9086985
2495.0,6371.65237407,1948.67194982,11392.6698424,3242.94753153,10289.1150604
2497.5,6371.65603426,1948.64541845,11393.0326447,3242.47826014,10291.3082567
2500.0,6371.65965446,1948.61912874,11393.3925725,3242.0123661,10293.4883599
2502.5,6371.66323467,1948.59307846,11393.7496483,3241.54983958,10295.6554425
